issue,date,front01,front02,front03,front04,front05,back01,back02
07001,2007-05-30,22,24,29,31,35,4,11
07002,2007-06-02,15,22,31,34,35,5,12
07003,2007-06-04,3,4,18,23,32,1,6
07004,2007-06-06,6,10,16,17,25,2,4
07005,2007-06-09,1,9,19,20,30,2,11
07006,2007-06-11,1,16,20,23,28,3,6
07007,2007-06-13,14,16,25,26,35,4,9
07008,2007-06-16,2,8,11,21,23,4,7
07009,2007-06-18,1,3,9,19,34,9,12
07010,2007-06-20,6,8,18,29,34,9,11
07011,2007-06-23,29,32,33,34,35,9,10
07012,2007-06-25,3,12,15,29,34,7,11
07013,2007-06-27,12,17,27,29,34,6,9
07014,2007-06-30,1,2,7,29,32,6,7
07015,2007-07-02,2,8,12,13,17,11,12
07016,2007-07-04,1,14,19,24,31,3,12
07017,2007-07-07,13,14,29,32,34,3,12
07018,2007-07-09,3,4,16,23,28,6,9
07019,2007-07-11,3,6,17,22,23,4,6
07020,2007-07-14,2,6,11,12,18,5,12
07021,2007-07-16,2,4,24,29,33,1,2
07022,2007-07-18,8,10,12,23,25,3,10
07023,2007-07-21,8,10,23,32,34,8,10
07024,2007-07-23,6,16,20,25,31,4,9
07025,2007-07-25,22,24,26,27,34,2,10
07026,2007-07-28,5,9,13,33,35,1,8
07027,2007-07-30,2,3,10,19,27,6,10
07028,2007-08-01,20,26,30,34,35,3,10
07029,2007-08-04,15,22,25,29,35,9,11
07030,2007-08-06,11,14,27,33,35,2,7
07031,2007-08-08,3,21,27,31,32,6,8
07032,2007-08-11,1,13,21,23,32,4,11
07033,2007-08-13,1,5,8,14,22,3,12
07034,2007-08-15,6,8,11,13,22,2,11
07035,2007-08-18,7,11,16,31,32,1,12
07036,2007-08-20,15,18,21,27,34,1,2
07037,2007-08-22,1,6,7,17,31,11,12
07038,2007-08-25,6,21,25,27,32,8,9
07039,2007-08-27,10,11,20,21,35,7,11
07040,2007-08-29,5,21,25,28,35,1,4
07041,2007-09-01,3,16,17,22,35,1,8
07042,2007-09-03,7,10,22,31,35,5,6
07043,2007-09-05,4,9,22,24,31,2,6
07044,2007-09-08,4,5,7,12,26,1,10
07045,2007-09-10,9,16,20,26,35,11,12
07046,2007-09-12,4,16,18,23,30,1,10
07047,2007-09-15,1,6,15,19,35,2,9
07048,2007-09-17,8,25,26,29,35,6,8
07049,2007-09-19,9,10,15,17,32,4,6
07050,2007-09-22,13,21,22,30,35,1,11
07051,2007-09-24,3,7,24,28,35,8,11
07052,2007-09-26,1,14,29,32,33,5,10
07053,2007-09-29,11,16,19,21,25,1,10
07054,2007-10-01,4,10,19,29,34,3,6
07055,2007-10-03,10,16,24,31,33,7,10
07056,2007-10-06,4,11,17,20,21,5,9
07057,2007-10-08,14,16,30,32,35,6,7
07058,2007-10-10,8,21,25,28,33,2,6
07059,2007-10-13,4,15,23,31,33,3,9
07060,2007-10-15,12,13,29,30,31,4,7
07061,2007-10-17,2,10,19,28,29,2,9
07062,2007-10-20,1,4,10,14,29,11,12
07063,2007-10-22,10,31,33,34,35,7,12
07064,2007-10-24,2,16,32,33,35,5,10
07065,2007-10-27,19,20,24,29,31,9,10
07066,2007-10-29,4,7,8,19,24,7,12
07067,2007-10-31,11,18,25,30,31,4,9
07068,2007-11-03,4,9,13,14,33,6,10
07069,2007-11-05,2,13,16,21,35,1,5
07070,2007-11-07,7,26,29,30,35,3,4
07071,2007-11-10,10,22,32,33,35,1,7
07072,2007-11-12,21,24,26,27,33,1,5
07073,2007-11-14,4,5,9,12,23,2,11
07074,2007-11-17,16,17,23,24,31,5,10
07075,2007-11-19,5,11,20,30,32,7,11
07076,2007-11-21,2,9,12,15,31,9,10
07077,2007-11-24,4,6,12,13,24,1,4
07078,2007-11-26,9,12,14,22,23,1,2
07079,2007-11-28,6,9,25,26,31,2,8
07080,2007-12-01,1,15,20,25,27,5,10
07081,2007-12-03,6,18,20,22,35,4,9
07082,2007-12-05,3,5,14,33,34,7,8
07083,2007-12-08,1,5,20,21,24,3,4
07084,2007-12-10,5,11,18,29,34,10,11
07085,2007-12-12,17,24,28,29,33,2,5
07086,2007-12-15,14,18,19,26,28,3,9
07087,2007-12-17,8,18,30,31,33,4,9
07088,2007-12-19,17,18,21,23,33,6,10
07089,2007-12-22,8,13,24,30,34,1,12
07090,2007-12-24,4,20,24,31,33,9,12
07091,2007-12-26,7,12,26,31,32,3,8
07092,2007-12-29,6,19,27,28,29,6,10
07093,2007-12-31,6,8,16,25,27,8,12
08001,2008-01-02,1,2,11,34,35,3,10
08002,2008-01-05,1,12,24,31,32,10,12
08003,2008-01-07,1,11,13,32,35,2,7
08004,2008-01-09,9,22,24,31,33,8,9
08005,2008-01-12,18,25,29,31,34,9,10
08006,2008-01-14,10,12,26,29,34,5,7
08007,2008-01-16,3,4,5,12,28,3,12
08008,2008-01-19,2,6,8,17,32,8,9
08009,2008-01-21,4,8,12,24,30,5,8
08010,2008-01-23,6,23,24,27,29,6,8
08011,2008-01-26,14,20,22,24,27,7,10
08012,2008-01-28,2,10,29,32,35,2,3
08013,2008-01-30,1,11,19,22,35,5,9
08014,2008-02-02,4,7,10,28,34,1,6
08015,2008-02-04,9,18,20,27,33,6,9
08016,2008-02-13,8,10,11,17,19,6,9
08017,2008-02-16,2,14,25,29,32,1,6
08018,2008-02-18,3,6,7,11,30,2,3
08019,2008-02-20,8,24,25,29,31,4,5
08020,2008-02-23,4,5,15,17,33,4,8
08021,2008-02-25,5,10,13,21,24,4,9
08022,2008-02-27,9,12,13,25,31,8,10
08023,2008-03-01,6,26,31,32,34,7,10
08024,2008-03-03,8,12,17,20,30,1,2
08025,2008-03-05,6,10,12,15,28,4,12
08026,2008-03-08,1,21,22,24,25,8,10
08027,2008-03-10,5,17,23,31,32,4,8
08028,2008-03-12,3,11,17,19,26,7,12
08029,2008-03-15,6,11,18,29,30,4,11
08030,2008-03-17,3,21,23,26,35,5,8
08031,2008-03-19,14,20,23,27,28,2,4
08032,2008-03-22,3,9,19,27,33,9,10
08033,2008-03-24,3,10,21,23,30,1,9
08034,2008-03-26,6,7,18,34,35,5,10
08035,2008-03-29,2,12,13,29,30,5,7
08036,2008-03-31,9,19,22,30,32,1,10
08037,2008-04-02,11,20,24,31,35,4,10
08038,2008-04-05,12,13,19,32,33,2,10
08039,2008-04-07,7,11,15,27,35,4,7
08040,2008-04-09,4,8,19,22,29,8,11
08041,2008-04-12,7,17,21,22,28,5,10
08042,2008-04-14,5,10,13,32,35,4,5
08043,2008-04-16,5,8,10,31,33,2,4
08044,2008-04-19,2,21,23,27,32,10,11
08045,2008-04-21,14,32,33,34,35,2,4
08046,2008-04-23,11,25,26,27,35,7,8
08047,2008-04-26,12,18,22,23,30,6,12
08048,2008-04-28,1,13,22,25,27,2,10
08049,2008-04-30,1,11,14,28,30,3,10
08050,2008-05-03,1,5,11,26,27,3,7
08051,2008-05-05,1,7,9,11,33,3,11
08052,2008-05-07,3,18,19,30,35,5,9
08053,2008-05-10,1,13,21,23,32,3,6
08054,2008-05-12,5,14,23,31,35,2,6
08055,2008-05-14,2,14,28,30,35,4,12
08056,2008-05-17,15,19,25,30,31,3,9
08057,2008-05-19,5,8,9,17,33,5,6
08058,2008-05-21,3,9,11,29,33,3,12
08059,2008-05-24,7,13,21,25,31,8,10
08060,2008-05-26,3,13,17,23,30,1,11
08061,2008-05-28,7,10,14,19,32,3,6
08062,2008-05-31,1,15,27,28,29,3,10
08063,2008-06-02,7,11,24,30,35,6,8
08064,2008-06-04,14,18,24,27,31,6,7
08065,2008-06-07,19,22,23,25,32,6,12
08066,2008-06-09,2,7,21,22,25,4,12
08067,2008-06-11,3,10,14,15,22,4,7
08068,2008-06-14,6,9,11,33,34,6,10
08069,2008-06-16,5,13,16,29,33,6,8
08070,2008-06-18,9,17,18,21,31,1,5
08071,2008-06-21,1,5,11,14,25,1,9
08072,2008-06-23,10,25,32,33,34,3,9
08073,2008-06-25,2,5,6,7,31,8,10
08074,2008-06-28,10,13,22,31,35,4,12
08075,2008-06-30,1,10,13,30,33,6,7
08076,2008-07-02,3,5,10,27,34,1,12
08077,2008-07-05,1,8,21,33,34,5,7
08078,2008-07-07,8,17,20,28,31,7,11
08079,2008-07-09,20,23,26,32,33,5,12
08080,2008-07-12,6,9,29,31,33,5,11
08081,2008-07-14,7,8,20,22,29,4,7
08082,2008-07-16,15,19,29,33,35,1,2
08083,2008-07-19,6,14,15,30,31,3,10
08084,2008-07-21,2,17,20,22,25,5,11
08085,2008-07-23,3,7,13,15,19,2,10
08086,2008-07-26,1,6,10,22,35,3,7
08087,2008-07-28,14,22,32,33,35,1,5
08088,2008-07-30,7,11,19,27,31,2,3
08089,2008-08-02,8,13,24,32,33,3,9
08090,2008-08-04,4,11,18,33,34,2,6
08091,2008-08-06,9,13,19,22,25,4,10
08092,2008-08-09,3,23,26,32,34,4,9
08093,2008-08-11,6,7,10,24,30,5,8
08094,2008-08-13,7,12,19,27,34,11,12
08095,2008-08-16,3,4,11,21,25,1,7
08096,2008-08-18,6,7,12,25,28,2,12
08097,2008-08-20,1,10,31,33,35,3,10
08098,2008-08-23,7,10,22,27,33,4,8
08099,2008-08-25,3,18,23,25,30,6,10
08100,2008-08-27,12,20,26,29,30,2,6
08101,2008-08-30,10,13,23,31,33,4,11
08102,2008-09-01,5,25,26,29,35,3,10
08103,2008-09-03,2,11,22,30,34,4,9
08104,2008-09-06,7,8,10,24,34,8,11
08105,2008-09-08,12,21,22,26,35,4,5
08106,2008-09-10,3,5,21,28,33,2,6
08107,2008-09-13,1,2,13,15,16,4,9
08108,2008-09-15,11,16,24,29,32,9,11
08109,2008-09-17,1,10,18,28,34,5,8
08110,2008-09-20,5,16,25,27,33,4,9
08111,2008-09-22,2,11,12,14,19,5,9
08112,2008-09-24,4,18,26,32,33,5,8
08113,2008-09-27,11,14,17,19,22,1,8
08114,2008-09-29,2,3,22,27,31,6,7
08115,2008-10-01,7,9,19,21,33,7,10
08116,2008-10-04,6,8,15,24,31,1,3
08117,2008-10-06,13,23,24,25,30,2,8
08118,2008-10-08,6,9,19,25,30,6,12
08119,2008-10-11,1,2,10,19,27,1,11
08120,2008-10-13,21,23,24,25,32,3,4
08121,2008-10-15,11,23,24,32,35,4,10
08122,2008-10-18,3,6,12,20,29,9,12
08123,2008-10-20,1,6,12,28,31,8,9
08124,2008-10-22,2,10,13,29,33,6,10
08125,2008-10-25,1,4,28,33,34,6,11
08126,2008-10-27,9,29,32,34,35,1,8
08127,2008-10-29,8,21,22,31,33,1,7
08128,2008-11-01,12,15,23,24,25,10,11
08129,2008-11-03,13,16,20,25,27,4,5
08130,2008-11-05,3,5,22,29,34,7,12
08131,2008-11-08,8,9,12,21,32,7,11
08132,2008-11-10,6,14,24,27,29,5,9
08133,2008-11-12,10,12,15,33,35,3,9
08134,2008-11-15,11,13,15,28,35,8,10
08135,2008-11-17,7,22,25,29,33,1,12
08136,2008-11-19,3,28,29,32,34,1,6
08137,2008-11-22,1,10,25,32,35,5,9
08138,2008-11-24,4,5,18,22,35,7,8
08139,2008-11-26,1,6,10,14,22,6,8
08140,2008-11-29,2,9,11,29,32,8,9
08141,2008-12-01,9,15,18,30,34,4,5
08142,2008-12-03,6,18,21,30,35,8,9
08143,2008-12-06,1,2,22,29,32,1,4
08144,2008-12-08,10,19,27,28,33,5,12
08145,2008-12-10,5,16,27,29,30,5,11
08146,2008-12-13,9,23,24,26,33,7,12
08147,2008-12-15,16,18,19,24,35,11,12
08148,2008-12-17,3,7,20,33,35,4,7
08149,2008-12-20,2,5,6,27,29,3,4
08150,2008-12-22,1,9,10,15,25,3,8
09001,2009-01-03,1,15,23,27,30,4,10
09002,2009-01-05,1,4,7,12,30,5,10
09003,2009-01-07,16,18,23,30,32,2,11
09004,2009-01-10,1,3,22,32,35,6,10
09005,2009-01-12,10,11,15,31,32,5,8
09006,2009-01-14,2,4,22,31,35,9,12
09007,2009-01-17,6,14,15,29,35,6,11
09008,2009-01-19,4,17,21,29,31,2,12
09009,2009-01-21,12,18,23,26,32,6,9
09010,2009-01-24,2,9,12,21,29,7,11
09011,2009-02-02,2,11,13,14,21,2,4
09012,2009-02-04,2,5,20,25,31,10,12
09013,2009-02-07,5,24,26,30,35,5,12
09014,2009-02-09,8,14,15,25,26,7,9
09015,2009-02-11,1,5,10,16,27,3,4
09016,2009-02-14,10,11,20,26,27,9,11
09017,2009-02-16,5,11,23,26,33,4,12
09018,2009-02-18,1,6,13,28,29,3,9
09019,2009-02-21,4,29,31,32,35,4,10
09020,2009-02-23,5,16,18,32,35,2,11
09021,2009-02-25,1,15,31,32,34,3,8
09022,2009-02-28,12,14,17,34,35,4,11
09023,2009-03-02,15,17,21,27,33,7,11
09024,2009-03-04,29,31,32,33,35,10,11
09025,2009-03-07,3,17,22,23,33,4,10
09026,2009-03-09,24,30,31,32,34,10,12
09027,2009-03-11,3,22,26,33,34,9,10
09028,2009-03-14,6,20,30,32,35,9,11
09029,2009-03-16,3,4,13,17,24,4,11
09030,2009-03-18,1,7,27,30,32,1,4
09031,2009-03-21,7,11,19,21,22,1,11
09032,2009-03-23,4,12,20,26,29,6,10
09033,2009-03-25,2,8,18,21,32,8,11
09034,2009-03-28,5,19,31,32,35,4,9
09035,2009-03-30,3,7,9,28,33,3,8
09036,2009-04-01,2,12,26,31,33,9,10
09037,2009-04-04,17,18,19,25,31,1,11
09038,2009-04-06,6,17,20,29,32,4,5
09039,2009-04-08,1,3,7,10,33,3,4
09040,2009-04-11,3,16,30,32,33,1,10
09041,2009-04-13,5,9,20,23,29,4,10
09042,2009-04-15,11,24,25,26,31,2,7
09043,2009-04-18,5,21,22,32,35,2,5
09044,2009-04-20,1,7,18,29,34,3,9
09045,2009-04-22,1,9,14,24,35,6,9
09046,2009-04-25,1,9,24,34,35,4,9
09047,2009-04-27,13,18,21,24,29,3,6
09048,2009-04-29,5,6,22,25,27,11,12
09049,2009-05-02,5,16,28,29,34,11,12
09050,2009-05-04,5,15,28,32,33,8,9
09051,2009-05-06,3,11,22,26,29,5,12
09052,2009-05-09,23,24,30,34,35,1,3
09053,2009-05-11,5,9,24,31,33,5,6
09054,2009-05-13,2,12,19,29,30,7,12
09055,2009-05-16,5,8,14,23,24,5,6
09056,2009-05-18,4,13,17,32,35,3,6
09057,2009-05-20,6,15,22,27,30,2,9
09058,2009-05-23,8,10,14,27,32,2,7
09059,2009-05-25,2,13,14,29,33,4,11
09060,2009-05-27,18,28,29,30,31,4,8
09061,2009-05-30,2,10,21,26,34,2,10
09062,2009-06-01,4,22,23,29,31,5,11
09063,2009-06-03,5,6,18,21,22,1,7
09064,2009-06-06,6,10,11,17,34,11,12
09065,2009-06-08,1,12,24,27,32,2,11
09066,2009-06-10,1,8,19,24,31,6,12
09067,2009-06-13,3,6,25,28,32,2,5
09068,2009-06-15,2,12,15,20,28,1,12
09069,2009-06-17,14,16,27,30,33,8,12
09070,2009-06-20,10,21,24,30,31,3,10
09071,2009-06-22,4,20,29,30,33,2,11
09072,2009-06-24,23,26,29,32,33,5,10
09073,2009-06-27,1,10,19,21,30,1,4
09074,2009-06-29,15,17,19,23,32,1,11
09075,2009-07-01,1,7,11,32,33,9,11
09076,2009-07-04,3,9,11,18,24,4,5
09077,2009-07-06,7,20,28,32,34,6,8
09078,2009-07-08,11,23,26,31,34,5,11
09079,2009-07-11,1,2,7,13,34,4,10
09080,2009-07-13,7,16,19,29,35,2,11
09081,2009-07-15,2,15,20,25,33,3,6
09082,2009-07-18,5,11,26,29,32,8,11
09083,2009-07-20,2,5,28,34,35,1,7
09084,2009-07-22,5,9,19,26,35,2,10
09085,2009-07-25,6,13,27,33,34,9,12
09086,2009-07-27,1,2,7,26,29,10,12
09087,2009-07-29,10,24,28,30,33,1,10
09088,2009-08-01,13,16,27,32,34,3,9
09089,2009-08-03,3,6,11,19,27,2,7
09090,2009-08-05,18,25,30,33,34,4,10
09091,2009-08-08,1,5,17,32,34,3,7
09092,2009-08-10,10,21,22,27,29,8,12
09093,2009-08-12,7,9,22,30,33,9,11
09094,2009-08-15,1,5,21,23,29,5,12
09095,2009-08-17,8,18,24,30,33,1,6
09096,2009-08-19,7,12,28,32,33,1,3
09097,2009-08-22,6,13,14,22,25,1,4
09098,2009-08-24,11,17,19,25,26,2,10
09099,2009-08-26,3,9,21,23,33,6,10
09100,2009-08-29,16,20,25,29,33,1,8
09101,2009-08-31,2,10,14,22,26,4,9
09102,2009-09-02,11,13,29,32,35,10,12
09103,2009-09-05,16,20,28,32,33,1,2
09104,2009-09-07,15,25,29,32,33,10,11
09105,2009-09-09,1,25,26,34,35,6,11
09106,2009-09-12,11,21,22,25,34,6,9
09107,2009-09-14,11,12,33,34,35,1,10
09108,2009-09-16,1,9,14,29,30,7,10
09109,2009-09-19,2,11,13,26,35,6,10
09110,2009-09-21,22,28,30,31,34,7,9
09111,2009-09-23,4,11,13,19,35,10,12
09112,2009-09-26,2,8,12,34,35,4,5
09113,2009-09-28,3,4,10,18,27,6,8
09114,2009-09-30,2,8,25,29,33,3,7
09115,2009-10-03,1,2,6,8,26,5,12
09116,2009-10-05,12,15,23,30,33,9,12
09117,2009-10-07,7,21,29,31,33,9,10
09118,2009-10-10,10,17,18,21,34,5,11
09119,2009-10-12,3,12,22,23,28,4,12
09120,2009-10-14,11,23,27,28,32,2,5
09121,2009-10-17,4,5,8,11,22,2,10
09122,2009-10-19,1,2,11,31,33,5,6
09123,2009-10-21,10,21,28,29,32,6,10
09124,2009-10-24,1,3,14,32,35,7,11
09125,2009-10-26,8,20,23,29,31,2,11
09126,2009-10-28,14,23,27,28,33,8,12
09127,2009-10-31,5,9,27,32,34,5,8
09128,2009-11-02,6,21,28,32,34,4,7
09129,2009-11-04,2,10,18,32,33,3,8
09130,2009-11-07,9,14,25,32,34,2,8
09131,2009-11-09,2,3,8,33,34,3,11
09132,2009-11-11,2,10,12,15,28,4,7
09133,2009-11-14,1,8,24,27,34,10,11
09134,2009-11-16,2,16,19,28,33,7,11
09135,2009-11-18,6,8,15,20,32,5,6
09136,2009-11-21,7,13,23,24,29,6,10
09137,2009-11-23,12,28,29,30,34,1,9
09138,2009-11-25,3,4,14,28,32,9,10
09139,2009-11-28,14,16,20,22,32,5,9
09140,2009-11-30,7,8,19,26,30,1,12
09141,2009-12-02,13,14,21,30,33,2,8
09142,2009-12-05,5,6,13,24,31,3,11
09143,2009-12-07,1,9,10,11,22,1,12
09144,2009-12-09,18,26,32,33,34,4,6
09145,2009-12-12,5,11,14,22,35,3,10
09146,2009-12-14,11,17,23,24,25,3,6
09147,2009-12-16,6,12,18,22,29,5,8
09148,2009-12-19,2,4,13,14,33,1,9
09149,2009-12-21,1,3,10,12,20,2,7
09150,2009-12-23,4,11,18,25,34,5,7
10001,2010-01-02,2,6,7,12,27,2,8
10002,2010-01-04,4,23,25,26,30,7,10
10003,2010-01-06,5,14,23,27,30,2,8
10004,2010-01-09,3,6,21,24,34,4,6
10005,2010-01-11,4,17,19,22,30,2,3
10006,2010-01-13,3,13,19,30,34,2,5
10007,2010-01-16,7,23,26,29,32,8,11
10008,2010-01-18,11,23,25,31,32,5,11
10009,2010-01-20,2,5,13,27,32,3,11
10010,2010-01-23,15,22,24,32,35,2,9
10011,2010-01-25,2,3,11,27,32,8,11
10012,2010-01-27,20,24,30,31,33,5,12
10013,2010-01-30,18,21,22,26,34,9,12
10014,2010-02-01,18,19,30,33,35,2,4
10015,2010-02-03,3,10,14,18,28,8,10
10016,2010-02-06,10,12,20,23,32,4,10
10017,2010-02-08,13,21,23,27,34,9,12
10018,2010-02-10,3,10,26,32,33,4,12
10019,2010-02-20,3,11,19,26,27,2,9
10020,2010-02-22,8,18,26,32,33,1,6
10021,2010-02-24,11,20,23,24,25,7,9
10022,2010-02-27,2,11,13,14,25,2,5
10023,2010-03-01,11,13,29,32,33,2,8
10024,2010-03-03,3,14,19,24,25,4,11
10025,2010-03-06,9,11,13,14,25,1,7
10026,2010-03-08,5,23,25,31,35,7,10
10027,2010-03-10,5,23,26,32,34,2,9
10028,2010-03-13,1,2,7,20,35,1,3
10029,2010-03-15,21,22,33,34,35,3,4
10030,2010-03-17,10,12,19,32,35,2,7
10031,2010-03-20,5,13,16,17,35,6,8
10032,2010-03-22,13,16,23,24,33,7,11
10033,2010-03-24,12,19,28,29,30,5,8
10034,2010-03-27,1,6,19,25,26,3,9
10035,2010-03-29,14,16,20,31,34,1,7
10036,2010-03-31,19,25,28,31,33,1,8
10037,2010-04-03,19,21,26,34,35,1,9
10038,2010-04-05,8,10,25,29,33,1,2
10039,2010-04-07,7,19,26,28,32,1,8
10040,2010-04-10,13,20,26,31,35,2,11
10041,2010-04-12,16,22,28,29,34,4,12
10042,2010-04-14,1,5,19,34,35,6,7
10043,2010-04-17,5,8,10,33,35,2,10
10044,2010-04-19,6,21,24,28,30,2,7
10045,2010-04-21,8,17,18,20,28,9,10
10046,2010-04-24,2,15,19,26,27,5,6
10047,2010-04-26,4,8,11,30,31,2,8
10048,2010-04-28,2,3,10,12,25,3,9
10049,2010-05-01,1,25,29,31,33,4,10
10050,2010-05-03,7,8,15,30,35,5,10
10051,2010-05-05,6,10,20,24,32,6,10
10052,2010-05-08,4,6,25,29,32,5,6
10053,2010-05-10,9,19,22,26,34,9,11
10054,2010-05-12,12,25,29,30,33,10,11
10055,2010-05-15,13,14,17,27,32,2,10
10056,2010-05-17,5,9,23,25,30,9,12
10057,2010-05-19,15,17,24,32,35,7,9
10058,2010-05-22,6,15,17,19,30,1,12
10059,2010-05-24,6,10,14,25,34,1,3
10060,2010-05-26,10,13,22,33,34,1,5
10061,2010-05-29,5,12,14,17,22,5,7
10062,2010-05-31,6,7,18,30,31,7,8
10063,2010-06-02,7,14,16,30,31,3,6
10064,2010-06-05,7,10,12,20,21,6,9
10065,2010-06-07,5,8,13,14,32,8,11
10066,2010-06-09,15,21,22,24,27,1,6
10067,2010-06-12,1,11,19,30,32,3,10
10068,2010-06-14,11,17,19,20,34,6,10
10069,2010-06-16,6,17,18,25,29,8,9
10070,2010-06-19,5,14,23,25,28,11,12
10071,2010-06-21,7,12,26,30,32,2,7
10072,2010-06-23,5,10,17,23,25,3,10
10073,2010-06-26,4,9,11,30,32,1,11
10074,2010-06-28,3,7,20,27,32,2,12
10075,2010-06-30,10,12,17,23,27,5,7
10076,2010-07-03,9,12,16,19,35,2,12
10077,2010-07-05,6,7,9,17,24,2,12
10078,2010-07-07,2,3,15,28,35,1,11
10079,2010-07-10,1,4,21,22,24,2,5
10080,2010-07-12,8,19,27,29,34,4,10
10081,2010-07-14,14,18,20,24,27,5,10
10082,2010-07-17,5,8,24,29,30,4,6
10083,2010-07-19,7,11,21,22,35,4,7
10084,2010-07-21,3,13,14,22,26,2,5
10085,2010-07-24,2,10,16,18,34,2,3
10086,2010-07-26,1,2,12,19,35,5,7
10087,2010-07-28,1,12,20,21,24,2,8
10088,2010-07-31,3,5,14,30,35,3,6
10089,2010-08-02,4,10,13,18,23,8,10
10090,2010-08-04,8,24,26,31,32,7,9
10091,2010-08-07,6,10,23,26,31,5,7
10092,2010-08-09,2,15,29,30,34,2,12
10093,2010-08-11,2,4,9,28,29,5,8
10094,2010-08-14,20,32,33,34,35,6,7
10095,2010-08-16,12,14,16,19,25,1,6
10096,2010-08-18,4,9,24,30,35,1,10
10097,2010-08-21,9,17,21,28,29,2,8
10098,2010-08-23,2,3,12,13,25,1,7
10099,2010-08-25,3,11,17,21,30,1,8
10100,2010-08-28,19,20,30,33,35,6,8
10101,2010-08-30,11,15,22,27,35,5,8
10102,2010-09-01,4,15,19,24,35,1,10
10103,2010-09-04,10,14,29,30,35,5,8
10104,2010-09-06,14,25,30,32,33,1,11
10105,2010-09-08,5,17,26,27,35,8,9
10106,2010-09-11,5,27,28,29,34,9,12
10107,2010-09-13,14,17,22,27,34,3,5
10108,2010-09-15,1,10,13,19,34,9,12
10109,2010-09-18,1,2,8,11,25,10,12
10110,2010-09-20,21,29,30,33,35,7,11
10111,2010-09-22,3,6,13,14,29,1,2
10112,2010-09-25,14,15,18,34,35,8,10
10113,2010-09-27,5,16,22,23,32,4,10
10114,2010-09-29,3,7,22,25,35,3,11
10115,2010-10-02,5,7,10,15,32,3,8
10116,2010-10-04,14,22,27,28,35,4,10
10117,2010-10-06,4,6,21,27,34,5,9
10118,2010-10-09,19,22,23,29,35,8,10
10119,2010-10-11,5,13,14,23,26,2,3
10120,2010-10-13,8,10,18,34,35,6,10
10121,2010-10-16,21,22,31,32,34,2,12
10122,2010-10-18,5,6,11,13,26,2,7
10123,2010-10-20,18,20,30,32,33,1,11
10124,2010-10-23,1,9,27,29,34,1,6
10125,2010-10-25,1,7,9,14,19,9,12
10126,2010-10-27,3,5,9,13,33,5,11
10127,2010-10-30,3,22,24,30,33,4,10
10128,2010-11-01,6,17,19,29,35,2,8
10129,2010-11-03,14,15,24,25,26,3,7
10130,2010-11-06,5,6,9,10,34,8,11
10131,2010-11-08,10,15,22,28,29,4,12
10132,2010-11-10,18,21,23,25,29,6,11
10133,2010-11-13,11,16,17,21,22,3,6
10134,2010-11-15,9,12,13,19,30,4,5
10135,2010-11-17,14,17,19,26,32,3,4
10136,2010-11-20,3,13,18,30,33,7,8
10137,2010-11-22,22,27,28,33,35,9,11
10138,2010-11-24,8,12,14,19,27,5,6
10139,2010-11-27,3,13,16,19,29,7,9
10140,2010-11-29,6,18,20,30,31,3,6
10141,2010-12-01,5,11,17,23,33,3,10
10142,2010-12-04,10,11,19,21,27,4,6
10143,2010-12-06,10,16,18,22,27,6,8
10144,2010-12-08,2,11,16,22,31,10,11
10145,2010-12-11,18,19,27,28,33,3,6
10146,2010-12-13,14,17,30,31,34,4,10
10147,2010-12-15,1,15,19,21,23,11,12
10148,2010-12-18,3,4,8,10,35,2,6
10149,2010-12-20,5,22,24,25,30,1,6
10150,2010-12-22,5,24,28,29,35,1,9
11001,2011-01-01,7,8,15,32,34,5,12
11002,2011-01-03,11,13,27,28,29,2,6
11003,2011-01-05,1,24,27,30,31,1,6
11004,2011-01-08,7,8,10,23,25,7,9
11005,2011-01-10,1,7,25,27,30,7,12
11006,2011-01-12,2,8,16,26,35,11,12
11007,2011-01-15,14,24,32,33,35,2,9
11008,2011-01-17,1,23,26,27,30,5,6
11009,2011-01-19,9,10,11,14,24,3,8
11010,2011-01-22,4,8,10,14,27,5,7
11011,2011-01-24,2,17,23,24,30,2,9
11012,2011-01-26,3,12,19,25,30,8,11
11013,2011-01-29,5,8,14,28,30,4,6
11014,2011-01-31,2,14,20,21,24,2,9
11015,2011-02-09,8,18,19,22,23,1,3
11016,2011-02-12,15,20,30,33,35,6,9
11017,2011-02-14,16,19,24,26,31,2,4
11018,2011-02-16,16,22,24,32,34,2,10
11019,2011-02-19,8,21,23,27,33,6,11
11020,2011-02-21,9,12,19,22,28,1,5
11021,2011-02-23,1,9,13,17,30,2,8
11022,2011-02-26,9,14,24,25,34,1,4
11023,2011-02-28,5,13,16,18,24,2,12
11024,2011-03-02,12,15,16,20,33,8,12
11025,2011-03-05,8,9,25,28,29,2,10
11026,2011-03-07,1,9,15,20,29,7,9
11027,2011-03-09,5,14,25,34,35,2,5
11028,2011-03-12,1,2,13,17,28,1,4
11029,2011-03-14,3,9,17,24,28,6,12
11030,2011-03-16,15,19,25,30,33,3,8
11031,2011-03-19,12,17,19,22,35,4,11
11032,2011-03-21,7,16,23,31,33,3,10
11033,2011-03-23,3,19,24,29,33,3,9
11034,2011-03-26,3,6,9,17,27,3,9
11035,2011-03-28,3,4,13,15,32,4,9
11036,2011-03-30,3,18,29,30,33,8,9
11037,2011-04-02,1,12,14,22,24,10,12
11038,2011-04-04,7,9,11,13,33,10,12
11039,2011-04-06,1,11,14,22,34,6,8
11040,2011-04-09,3,7,15,18,20,1,6
11041,2011-04-11,4,5,11,13,25,3,6
11042,2011-04-13,6,9,18,30,32,10,12
11043,2011-04-16,2,8,23,33,35,5,10
11044,2011-04-18,11,21,24,26,31,6,7
11045,2011-04-20,13,21,22,29,31,7,11
11046,2011-04-23,9,15,16,19,29,4,6
11047,2011-04-25,2,15,22,33,35,5,8
11048,2011-04-27,13,17,25,27,28,2,3
11049,2011-04-30,5,6,10,22,25,1,9
11050,2011-05-02,4,7,29,32,33,8,10
11051,2011-05-04,6,8,12,17,18,5,10
11052,2011-05-07,13,24,31,32,33,3,9
11053,2011-05-09,3,16,28,31,32,1,9
11054,2011-05-11,5,9,16,26,35,3,10
11055,2011-05-14,1,7,31,32,35,2,10
11056,2011-05-16,3,5,29,30,31,8,10
11057,2011-05-18,7,11,30,31,34,9,12
11058,2011-05-21,1,9,27,32,33,3,6
11059,2011-05-23,9,16,21,29,34,7,10
11060,2011-05-25,3,25,29,32,34,9,10
11061,2011-05-28,6,7,16,18,20,4,10
11062,2011-05-30,6,10,17,20,21,3,7
11063,2011-06-01,10,17,18,26,32,1,5
11064,2011-06-04,1,6,27,30,34,1,6
11065,2011-06-06,3,11,14,25,34,1,4
11066,2011-06-08,6,13,18,20,33,9,10
11067,2011-06-11,10,17,22,24,32,3,10
11068,2011-06-13,1,13,16,18,32,7,9
11069,2011-06-15,3,5,28,29,33,4,12
11070,2011-06-18,9,19,22,29,30,2,8
11071,2011-06-20,27,31,33,34,35,4,6
11072,2011-06-22,3,11,13,20,35,3,8
11073,2011-06-25,13,19,20,22,33,5,11
11074,2011-06-27,7,16,23,28,31,3,6
11075,2011-06-29,6,9,20,23,28,6,10
11076,2011-07-02,18,23,25,29,30,1,2
11077,2011-07-04,5,8,19,33,34,1,12
11078,2011-07-06,4,9,16,27,30,2,6
11079,2011-07-09,1,3,23,30,31,2,10
11080,2011-07-11,5,12,30,31,32,1,3
11081,2011-07-13,4,13,20,21,35,2,9
11082,2011-07-16,7,20,25,30,32,5,9
11083,2011-07-18,6,8,18,20,24,4,8
11084,2011-07-20,14,29,31,34,35,1,12
11085,2011-07-23,2,17,19,21,22,3,10
11086,2011-07-25,4,5,6,9,15,1,6
11087,2011-07-27,6,13,20,25,34,7,9
11088,2011-07-30,20,21,27,29,35,3,8
11089,2011-08-01,5,6,23,27,34,3,4
11090,2011-08-03,2,4,29,30,34,5,8
11091,2011-08-06,11,17,23,29,30,6,8
11092,2011-08-08,10,17,19,32,33,1,12
11093,2011-08-10,4,6,8,19,31,10,11
11094,2011-08-13,11,21,22,32,34,4,8
11095,2011-08-15,9,12,17,19,29,6,11
11096,2011-08-17,3,8,20,24,25,1,2
11097,2011-08-20,4,19,28,31,33,11,12
11098,2011-08-22,6,7,28,33,35,1,10
11099,2011-08-24,2,6,9,12,20,5,8
11100,2011-08-27,8,11,13,28,33,8,9
11101,2011-08-29,5,12,20,28,30,3,7
11102,2011-08-31,19,24,28,31,34,4,12
11103,2011-09-03,3,4,26,29,34,1,3
11104,2011-09-05,7,19,27,28,34,2,5
11105,2011-09-07,2,11,26,32,33,5,12
11106,2011-09-10,1,9,29,30,35,5,9
11107,2011-09-12,2,6,18,30,32,1,8
11108,2011-09-14,7,15,18,24,28,1,7
11109,2011-09-17,1,11,12,22,34,8,10
11110,2011-09-19,30,31,33,34,35,4,7
11111,2011-09-21,2,11,13,23,31,11,12
11112,2011-09-24,6,17,28,32,33,8,12
11113,2011-09-26,4,5,7,10,12,4,5
11114,2011-09-28,6,8,17,27,35,2,11
11115,2011-10-01,17,26,30,31,35,6,11
11116,2011-10-03,10,15,18,19,26,7,12
11117,2011-10-05,10,12,28,32,33,3,5
11118,2011-10-08,4,7,11,32,35,5,7
11119,2011-10-10,4,15,20,26,31,6,12
11120,2011-10-12,20,25,26,30,31,9,10
11121,2011-10-15,2,3,30,31,33,3,9
11122,2011-10-17,3,8,23,24,34,5,12
11123,2011-10-19,10,14,18,19,35,1,6
11124,2011-10-22,8,12,14,20,25,6,8
11125,2011-10-24,7,10,27,34,35,10,12
11126,2011-10-26,7,17,29,30,33,10,12
11127,2011-10-29,1,11,22,26,29,5,8
11128,2011-10-31,3,4,6,11,13,1,2
11129,2011-11-02,1,7,13,18,23,4,8
11130,2011-11-05,8,9,13,23,35,11,12
11131,2011-11-07,3,5,12,18,33,7,11
11132,2011-11-09,12,14,16,19,33,2,9
11133,2011-11-12,4,11,23,26,35,3,12
11134,2011-11-14,1,10,12,14,17,9,10
11135,2011-11-16,6,22,29,33,35,3,12
11136,2011-11-19,8,9,11,19,33,3,12
11137,2011-11-21,2,15,18,23,31,1,2
11138,2011-11-23,17,23,26,30,32,6,12
11139,2011-11-26,4,6,10,15,16,3,4
11140,2011-11-28,1,12,32,33,34,9,11
11141,2011-11-30,2,11,19,22,35,10,12
11142,2011-12-03,4,26,30,33,34,4,6
11143,2011-12-05,8,9,12,25,33,7,10
11144,2011-12-07,7,18,24,28,33,2,3
11145,2011-12-10,7,15,19,24,29,4,6
11146,2011-12-12,9,13,19,29,34,2,11
11147,2011-12-14,1,15,16,27,28,2,7
11148,2011-12-17,7,10,11,26,31,3,4
11149,2011-12-19,2,7,12,29,31,3,5
11150,2011-12-21,13,22,30,33,34,6,12
12001,2012-01-02,7,27,28,32,33,1,12
12002,2012-01-04,3,11,14,26,29,7,8
12003,2012-01-07,16,22,24,33,34,3,10
12004,2012-01-09,10,11,22,31,32,6,7
12005,2012-01-11,1,2,29,31,33,7,12
12006,2012-01-14,3,20,22,25,27,1,9
12007,2012-01-16,4,5,13,17,25,7,10
12008,2012-01-18,6,8,30,31,32,1,11
12009,2012-01-21,6,14,20,29,35,9,10
12010,2012-01-30,25,26,29,32,34,5,7
12011,2012-02-01,5,19,22,29,30,2,4
12012,2012-02-04,6,18,22,30,35,2,7
12013,2012-02-06,7,8,11,12,24,1,2
12014,2012-02-08,10,14,24,30,32,1,12
12015,2012-02-11,12,13,24,26,33,6,8
12016,2012-02-13,5,14,20,29,31,8,12
12017,2012-02-15,6,11,22,29,34,3,12
12018,2012-02-18,3,10,14,29,31,4,8
12019,2012-02-20,7,9,17,30,34,1,12
12020,2012-02-22,12,14,27,29,34,3,6
12021,2012-02-25,10,15,21,31,34,7,8
12022,2012-02-27,7,12,20,33,35,1,10
12023,2012-02-29,7,9,17,29,35,9,10
12024,2012-03-03,3,11,17,21,30,3,7
12025,2012-03-05,1,2,5,12,27,4,7
12026,2012-03-07,10,11,22,23,29,2,9
12027,2012-03-10,3,10,11,22,31,5,7
12028,2012-03-12,10,12,15,33,34,3,10
12029,2012-03-14,4,7,8,18,29,7,10
12030,2012-03-17,3,21,22,26,32,1,3
12031,2012-03-19,19,21,23,25,30,3,8
12032,2012-03-21,7,8,16,26,34,7,11
12033,2012-03-24,8,13,19,27,32,1,8
12034,2012-03-26,1,8,15,16,29,8,9
12035,2012-03-28,1,4,30,32,35,8,12
12036,2012-03-31,1,9,20,30,31,8,12
12037,2012-04-02,9,13,27,31,35,3,10
12038,2012-04-04,11,23,25,31,35,1,3
12039,2012-04-07,15,21,22,24,35,1,5
12040,2012-04-09,2,13,23,28,29,1,5
12041,2012-04-11,1,2,13,22,23,2,10
12042,2012-04-14,7,24,27,28,35,7,12
12043,2012-04-16,1,6,25,31,34,3,9
12044,2012-04-18,3,4,14,32,35,1,2
12045,2012-04-21,5,11,17,20,28,11,12
12046,2012-04-23,4,8,19,23,27,4,11
12047,2012-04-25,5,7,17,30,34,3,10
12048,2012-04-28,6,9,26,30,35,5,6
12049,2012-04-30,9,18,22,27,31,10,12
12050,2012-05-02,13,17,22,28,29,1,10
12051,2012-05-05,1,2,17,18,33,5,12
12052,2012-05-07,10,20,26,31,33,10,12
12053,2012-05-09,11,12,26,28,31,7,12
12054,2012-05-12,1,16,18,27,30,10,11
12055,2012-05-14,7,22,26,32,33,1,8
12056,2012-05-16,11,21,23,26,34,7,9
12057,2012-05-19,1,2,14,33,34,3,5
12058,2012-05-21,13,21,29,31,35,4,12
12059,2012-05-23,9,13,19,21,27,3,4
12060,2012-05-26,2,16,21,24,30,6,10
12061,2012-05-28,5,10,14,27,33,7,9
12062,2012-05-30,21,32,33,34,35,8,9
12063,2012-06-02,11,25,26,29,35,1,2
12064,2012-06-04,9,12,13,15,30,9,10
12065,2012-06-06,10,22,28,29,34,5,11
12066,2012-06-09,1,20,25,29,33,4,6
12067,2012-06-11,20,22,27,30,33,1,2
12068,2012-06-13,1,21,31,32,35,3,6
12069,2012-06-16,2,4,22,25,34,2,11
12070,2012-06-18,9,22,23,32,34,6,8
12071,2012-06-20,13,23,29,31,34,6,8
12072,2012-06-23,4,8,17,22,25,4,10
12073,2012-06-25,18,23,29,33,34,2,7
12074,2012-06-27,10,22,23,30,32,1,7
12075,2012-06-30,7,9,10,18,22,5,10
12076,2012-07-02,2,14,16,22,24,2,5
12077,2012-07-04,10,30,32,33,34,2,3
12078,2012-07-07,1,2,23,25,35,5,12
12079,2012-07-09,1,5,25,32,33,1,10
12080,2012-07-11,11,12,14,25,28,2,5
12081,2012-07-14,10,16,17,30,35,1,8
12082,2012-07-16,2,4,9,10,15,8,10
12083,2012-07-18,16,19,28,29,31,5,8
12084,2012-07-21,21,24,27,29,31,1,2
12085,2012-07-23,7,18,29,31,33,10,12
12086,2012-07-25,3,20,25,29,32,5,10
12087,2012-07-28,1,6,7,21,31,4,11
12088,2012-07-30,13,17,24,30,35,2,10
12089,2012-08-01,6,12,21,29,32,6,11
12090,2012-08-04,2,21,27,29,33,2,10
12091,2012-08-06,3,10,28,31,33,1,9
12092,2012-08-08,8,9,23,25,31,2,12
12093,2012-08-11,2,16,21,31,33,4,11
12094,2012-08-13,2,14,23,32,35,1,10
12095,2012-08-15,6,9,22,27,30,8,12
12096,2012-08-18,5,10,19,24,35,8,9
12097,2012-08-20,9,17,24,29,32,1,2
12098,2012-08-22,2,11,28,29,30,6,12
12099,2012-08-25,12,18,24,25,32,2,12
12100,2012-08-27,7,9,13,19,27,1,3
12101,2012-08-29,2,5,8,9,31,3,7
12102,2012-09-01,2,4,6,13,35,4,8
12103,2012-09-03,2,9,18,23,24,1,4
12104,2012-09-05,16,18,24,25,27,4,9
12105,2012-09-08,5,6,14,15,31,6,8
12106,2012-09-10,15,23,25,29,31,9,10
12107,2012-09-12,4,7,9,22,33,1,3
12108,2012-09-15,6,7,12,24,35,2,6
12109,2012-09-17,1,22,30,32,35,9,11
12110,2012-09-19,1,11,17,19,26,5,12
12111,2012-09-22,1,24,25,30,33,4,11
12112,2012-09-24,1,2,28,31,35,5,7
12113,2012-09-26,3,10,22,27,29,3,12
12114,2012-09-29,3,6,21,33,35,1,7
12115,2012-10-01,1,6,13,19,23,6,9
12116,2012-10-03,1,11,18,20,22,7,10
12117,2012-10-06,1,12,18,21,33,7,8
12118,2012-10-08,5,17,25,30,33,1,12
12119,2012-10-10,5,6,9,19,32,6,9
12120,2012-10-13,2,10,21,23,29,3,4
12121,2012-10-15,7,18,20,29,30,5,6
12122,2012-10-17,23,24,25,29,31,3,12
12123,2012-10-20,5,8,18,30,33,1,9
12124,2012-10-22,7,11,19,20,35,5,10
12125,2012-10-24,6,14,17,22,35,1,2
12126,2012-10-27,13,14,21,28,29,5,10
12127,2012-10-29,12,13,14,25,35,10,12
12128,2012-10-31,9,10,19,30,31,4,11
12129,2012-11-03,1,7,21,28,31,3,9
12130,2012-11-05,14,19,23,29,30,6,7
12131,2012-11-07,2,16,18,27,30,8,12
12132,2012-11-10,5,8,21,25,33,1,11
12133,2012-11-12,5,7,13,29,30,1,5
12134,2012-11-14,1,6,18,32,35,2,7
12135,2012-11-17,3,5,17,18,33,6,7
12136,2012-11-19,2,23,29,30,31,1,4
12137,2012-11-21,3,12,20,21,27,1,6
12138,2012-11-24,13,17,27,31,33,6,12
12139,2012-11-26,9,10,12,22,25,4,11
12140,2012-11-28,7,17,27,28,29,9,10
12141,2012-12-01,3,11,19,23,34,2,12
12142,2012-12-03,15,19,29,34,35,7,10
12143,2012-12-05,9,27,29,30,31,3,6
12144,2012-12-08,11,13,14,21,29,1,10
12145,2012-12-10,5,22,31,33,35,6,9
12146,2012-12-12,1,10,13,17,26,6,8
12147,2012-12-15,2,3,17,19,33,2,9
12148,2012-12-17,4,16,27,29,34,6,11
12149,2012-12-19,2,10,23,33,34,5,10
12150,2012-12-22,2,14,18,24,31,2,3
13001,2013-01-02,6,9,11,31,32,5,11
13002,2013-01-05,4,20,27,31,32,6,12
13003,2013-01-07,1,16,18,21,31,9,12
13004,2013-01-09,7,8,12,20,25,3,7
13005,2013-01-12,18,22,26,28,31,10,12
13006,2013-01-14,8,20,25,31,32,5,7
13007,2013-01-16,14,29,32,33,34,3,6
13008,2013-01-19,2,7,25,29,34,3,6
13009,2013-01-21,10,17,19,27,29,5,12
13010,2013-01-23,9,15,17,18,29,9,11
13011,2013-01-26,1,2,8,15,23,6,9
13012,2013-01-28,1,14,31,32,34,2,11
13013,2013-01-30,13,15,29,30,35,1,11
13014,2013-02-02,5,8,25,29,31,2,4
13015,2013-02-04,14,15,26,32,33,1,11
13016,2013-02-06,5,15,19,27,32,8,9
13017,2013-02-16,11,14,22,29,34,5,11
13018,2013-02-18,20,23,31,33,34,3,9
13019,2013-02-20,6,12,17,29,30,7,11
13020,2013-02-23,6,11,20,31,32,5,9
13021,2013-02-25,23,24,28,30,33,1,11
13022,2013-02-27,3,4,13,17,23,3,8
13023,2013-03-02,5,19,24,26,35,5,7
13024,2013-03-04,9,12,14,18,24,1,4
13025,2013-03-06,3,23,25,26,28,10,12
13026,2013-03-09,2,10,16,30,33,5,6
13027,2013-03-11,3,12,14,24,35,3,8
13028,2013-03-13,13,19,28,30,34,8,12
13029,2013-03-16,5,7,17,25,26,4,10
13030,2013-03-18,3,5,9,10,28,5,7
13031,2013-03-20,12,17,18,26,32,10,11
13032,2013-03-23,12,27,28,33,35,1,8
13033,2013-03-25,12,18,22,28,31,1,11
13034,2013-03-27,1,3,11,19,29,4,8
13035,2013-03-30,5,14,28,32,34,7,8
13036,2013-04-01,8,12,32,33,35,3,5
13037,2013-04-03,2,26,31,32,34,6,8
13038,2013-04-06,1,19,24,25,26,7,9
13039,2013-04-08,6,23,30,33,35,7,10
13040,2013-04-10,16,17,22,26,35,3,10
13041,2013-04-13,3,13,14,15,34,5,8
13042,2013-04-15,2,6,22,23,33,1,6
13043,2013-04-17,7,13,25,34,35,7,9
13044,2013-04-20,7,11,13,18,28,5,10
13045,2013-04-22,8,11,12,21,25,2,7
13046,2013-04-24,15,16,19,25,32,5,11
13047,2013-04-27,12,20,28,30,35,3,11
13048,2013-04-29,10,11,23,32,33,1,4
13049,2013-05-01,18,22,25,31,32,4,6
13050,2013-05-04,14,22,30,32,33,7,8
13051,2013-05-06,5,8,15,18,33,7,8
13052,2013-05-08,1,2,10,29,31,1,10
13053,2013-05-11,13,31,33,34,35,5,7
13054,2013-05-13,5,8,21,30,32,1,8
13055,2013-05-15,4,5,22,23,24,3,9
13056,2013-05-18,11,22,30,32,35,3,4
13057,2013-05-20,7,15,27,33,35,7,10
13058,2013-05-22,20,21,27,31,35,7,11
13059,2013-05-25,3,8,11,24,27,7,12
13060,2013-05-27,15,25,26,32,35,5,10
13061,2013-05-29,1,14,18,21,32,5,10
13062,2013-06-01,1,5,8,9,12,9,12
13063,2013-06-03,3,5,11,27,28,5,6
13064,2013-06-05,21,24,26,28,32,1,3
13065,2013-06-08,9,28,31,34,35,2,9
13066,2013-06-10,6,7,13,33,34,2,11
13067,2013-06-12,2,3,5,8,29,10,12
13068,2013-06-15,10,17,27,34,35,5,7
13069,2013-06-17,6,12,13,16,30,7,12
13070,2013-06-19,9,12,18,21,29,1,8
13071,2013-06-22,13,19,26,27,28,3,11
13072,2013-06-24,12,27,28,33,35,3,5
13073,2013-06-26,3,5,23,27,31,2,6
13074,2013-06-29,6,14,20,24,32,1,7
13075,2013-07-01,1,11,13,19,35,7,8
13076,2013-07-03,13,15,16,26,27,9,10
13077,2013-07-06,24,26,30,32,35,6,12
13078,2013-07-08,2,7,23,31,33,2,8
13079,2013-07-10,9,10,17,21,34,1,7
13080,2013-07-13,6,21,23,27,31,4,6
13081,2013-07-15,7,9,15,17,23,2,7
13082,2013-07-17,3,9,25,26,33,3,12
13083,2013-07-20,26,29,30,32,35,4,10
13084,2013-07-22,8,22,26,29,35,1,5
13085,2013-07-24,8,19,23,27,32,3,5
13086,2013-07-27,9,16,26,29,31,6,9
13087,2013-07-29,9,12,22,32,34,2,4
13088,2013-07-31,3,5,8,33,35,1,3
13089,2013-08-03,6,7,23,24,29,4,11
13090,2013-08-05,2,26,30,31,33,11,12
13091,2013-08-07,4,9,28,34,35,2,8
13092,2013-08-10,7,10,21,27,33,3,9
13093,2013-08-12,1,5,17,18,26,5,7
13094,2013-08-14,3,28,33,34,35,6,9
13095,2013-08-17,3,17,28,30,33,1,10
13096,2013-08-19,17,19,20,22,26,6,8
13097,2013-08-21,7,8,13,17,32,3,8
13098,2013-08-24,2,6,16,29,34,10,11
13099,2013-08-26,4,11,28,30,33,5,12
13100,2013-08-28,9,12,24,26,30,5,9
13101,2013-08-31,4,9,13,15,32,2,9
13102,2013-09-02,6,12,15,19,26,2,11
13103,2013-09-04,5,8,13,16,31,3,9
13104,2013-09-07,2,5,11,27,29,1,11
13105,2013-09-09,7,13,27,30,34,1,12
13106,2013-09-11,6,7,12,13,27,3,12
13107,2013-09-14,7,13,14,18,25,5,12
13108,2013-09-16,5,10,13,15,18,2,11
13109,2013-09-18,13,20,26,29,32,2,6
13110,2013-09-21,7,16,18,32,33,2,7
13111,2013-09-23,7,12,13,20,27,1,3
13112,2013-09-25,2,10,20,22,29,5,12
13113,2013-09-28,19,21,23,28,30,8,12
13114,2013-09-30,6,17,21,23,33,1,9
13115,2013-10-02,5,16,29,32,34,4,11
13116,2013-10-05,13,22,23,30,33,9,11
13117,2013-10-07,5,16,23,25,33,7,12
13118,2013-10-09,4,6,11,20,31,1,5
13119,2013-10-12,1,2,16,23,35,1,11
13120,2013-10-14,6,14,15,22,26,3,11
13121,2013-10-16,3,18,19,20,24,3,12
13122,2013-10-19,15,17,20,24,35,4,12
13123,2013-10-21,2,9,10,33,34,5,12
13124,2013-10-23,5,7,18,21,32,10,11
13125,2013-10-26,4,8,14,23,28,4,8
13126,2013-10-28,9,10,15,18,30,3,6
13127,2013-10-30,3,14,16,19,32,5,10
13128,2013-11-02,11,13,27,33,35,1,2
13129,2013-11-04,11,23,29,30,33,1,4
13130,2013-11-06,8,9,15,19,30,6,9
13131,2013-11-09,12,15,29,30,31,4,12
13132,2013-11-11,23,26,28,31,34,2,10
13133,2013-11-13,2,8,10,16,17,9,12
13134,2013-11-16,2,13,19,23,32,2,9
13135,2013-11-18,4,13,19,25,26,7,12
13136,2013-11-20,5,11,15,25,28,5,11
13137,2013-11-23,4,12,32,33,34,6,8
13138,2013-11-25,3,8,13,17,24,7,9
13139,2013-11-27,5,6,18,20,31,6,7
13140,2013-11-30,1,12,17,26,28,1,6
13141,2013-12-02,5,15,18,25,31,8,10
13142,2013-12-04,6,11,25,28,29,4,12
13143,2013-12-07,3,8,14,21,31,6,8
13144,2013-12-09,3,20,21,23,35,2,8
13145,2013-12-11,2,13,15,18,20,2,11
13146,2013-12-14,6,7,15,25,31,1,9
13147,2013-12-16,3,9,22,24,25,5,9
13148,2013-12-18,2,5,9,29,32,3,7
13149,2013-12-21,6,7,8,9,13,5,7
13150,2013-12-23,6,7,14,18,22,8,11
14001,2014-01-01,5,13,20,23,29,8,11
14002,2014-01-04,1,12,21,24,29,1,7
14003,2014-01-06,7,11,13,21,33,5,6
14004,2014-01-08,7,10,19,27,28,9,12
14005,2014-01-11,15,17,18,29,33,4,8
14006,2014-01-13,1,4,7,16,35,6,8
14007,2014-01-15,8,11,14,21,32,3,11
14008,2014-01-18,11,13,20,28,35,1,5
14009,2014-01-20,10,18,25,29,33,7,8
14010,2014-01-22,5,10,20,26,27,1,3
14011,2014-01-25,4,6,14,24,35,7,12
14012,2014-01-27,9,20,21,23,29,5,7
14013,2014-01-29,10,11,13,22,28,4,12
14014,2014-02-08,1,9,11,27,29,3,11
14015,2014-02-10,4,6,18,20,30,5,7
14016,2014-02-12,4,6,13,24,34,4,9
14017,2014-02-15,5,10,11,23,34,1,10
14018,2014-02-17,8,9,12,28,34,2,12
14019,2014-02-19,7,12,22,29,32,11,12
14020,2014-02-22,1,14,17,30,35,6,7
14021,2014-02-24,6,10,17,23,24,3,9
14022,2014-02-26,3,6,10,16,25,10,11
14023,2014-03-01,4,13,15,29,33,5,9
14024,2014-03-03,7,11,15,31,32,6,11
14025,2014-03-05,19,20,27,32,34,6,8
14026,2014-03-08,5,10,12,15,26,4,8
14027,2014-03-10,9,10,24,28,29,10,12
14028,2014-03-12,3,10,20,25,30,10,12
14029,2014-03-15,3,21,22,23,35,5,9
14030,2014-03-17,3,14,18,29,35,11,12
14031,2014-03-19,6,15,27,32,33,3,4
14032,2014-03-22,2,5,6,9,31,2,9
14033,2014-03-24,1,7,8,28,29,4,8
14034,2014-03-26,3,11,14,27,32,5,7
14035,2014-03-29,9,12,14,28,29,3,10
14036,2014-03-31,1,2,12,17,29,3,8
14037,2014-04-02,3,4,8,19,34,2,4
14038,2014-04-05,7,8,12,20,32,3,5
14039,2014-04-07,2,5,11,15,20,8,11
14040,2014-04-09,12,15,21,30,33,2,8
14041,2014-04-12,5,7,11,15,18,5,12
14042,2014-04-14,16,21,25,27,35,6,11
14043,2014-04-16,1,11,23,29,30,1,12
14044,2014-04-19,22,23,25,27,35,3,11
14045,2014-04-21,6,10,12,16,30,2,11
14046,2014-04-23,3,15,18,21,26,1,6
14047,2014-04-26,6,17,18,30,34,6,12
14048,2014-04-28,1,2,5,15,35,1,11
14049,2014-04-30,3,15,17,22,31,3,5
14050,2014-05-03,10,18,27,28,35,1,6
14051,2014-05-05,1,7,11,29,30,3,11
14052,2014-05-07,14,19,21,24,30,2,7
14053,2014-05-10,2,11,17,27,30,3,4
14054,2014-05-12,2,3,20,25,34,1,12
14055,2014-05-14,4,23,26,27,35,10,11
14056,2014-05-17,12,18,28,29,35,7,8
14057,2014-05-19,8,10,20,27,33,1,9
14058,2014-05-21,9,15,22,24,26,2,7
14059,2014-05-24,7,15,17,25,29,4,11
14060,2014-05-26,12,22,29,30,34,5,11
14061,2014-05-28,4,11,17,20,29,6,10
14062,2014-05-31,4,7,17,24,25,2,4
14063,2014-06-02,11,17,21,23,34,3,4
14064,2014-06-04,8,15,33,34,35,1,8
14065,2014-06-07,7,12,19,31,33,7,12
14066,2014-06-09,8,14,16,20,31,3,11
14067,2014-06-11,3,18,23,24,31,3,7
14068,2014-06-14,5,15,24,29,35,5,6
14069,2014-06-16,16,22,27,29,31,2,9
14070,2014-06-18,1,2,7,10,32,4,12
14071,2014-06-21,4,14,15,22,23,1,7
14072,2014-06-23,17,19,22,24,30,2,9
14073,2014-06-25,4,5,7,13,35,5,6
14074,2014-06-28,6,11,22,27,30,5,11
14075,2014-06-30,5,7,29,32,35,4,10
14076,2014-07-02,5,10,19,31,32,9,10
14077,2014-07-05,9,16,26,31,32,1,5
14078,2014-07-07,10,15,16,22,28,4,5
14079,2014-07-09,9,10,20,31,32,6,10
14080,2014-07-12,17,20,23,25,27,3,10
14081,2014-07-14,3,5,8,10,25,9,12
14082,2014-07-16,1,8,18,23,25,8,12
14083,2014-07-19,18,20,24,33,35,5,10
14084,2014-07-21,2,7,9,11,28,5,9
14085,2014-07-23,6,12,13,25,29,11,12
14086,2014-07-26,6,8,27,29,35,3,9
14087,2014-07-28,4,7,31,33,35,9,10
14088,2014-07-30,7,13,20,25,26,8,11
14089,2014-08-02,2,8,12,29,30,7,12
14090,2014-08-04,2,3,20,23,28,6,8
14091,2014-08-06,10,16,18,29,32,2,7
14092,2014-08-09,2,18,27,30,32,5,11
14093,2014-08-11,3,8,30,32,34,9,11
14094,2014-08-13,13,14,24,25,34,4,7
14095,2014-08-16,6,22,30,31,34,5,6
14096,2014-08-18,3,7,21,23,31,5,10
14097,2014-08-20,3,15,20,21,23,7,9
14098,2014-08-23,16,18,22,25,35,3,10
14099,2014-08-25,15,21,22,23,33,1,7
14100,2014-08-27,2,4,8,12,35,1,7
14101,2014-08-30,9,10,12,17,28,3,11
14102,2014-09-01,1,7,14,19,20,3,12
14103,2014-09-03,14,20,23,25,26,10,12
14104,2014-09-06,7,13,14,28,32,4,11
14105,2014-09-08,4,10,26,29,32,4,8
14106,2014-09-10,5,9,11,20,22,5,11
14107,2014-09-13,5,13,14,21,34,8,10
14108,2014-09-15,1,2,13,23,35,9,12
14109,2014-09-17,15,18,20,21,23,1,2
14110,2014-09-20,9,18,19,22,24,8,11
14111,2014-09-22,11,16,18,20,29,3,4
14112,2014-09-24,3,5,14,18,32,2,10
14113,2014-09-27,2,13,17,19,23,1,6
14114,2014-09-29,3,16,24,30,33,5,8
14115,2014-10-01,1,5,26,29,30,2,10
14116,2014-10-04,6,13,15,24,27,4,5
14117,2014-10-06,3,14,17,18,33,6,9
14118,2014-10-08,2,3,23,24,26,5,11
14119,2014-10-11,4,8,9,13,18,8,12
14120,2014-10-13,1,4,6,18,33,5,11
14121,2014-10-15,13,16,18,22,32,8,10
14122,2014-10-18,3,10,25,26,35,1,7
14123,2014-10-20,1,9,12,22,25,2,9
14124,2014-10-22,1,3,28,29,35,8,12
14125,2014-10-25,12,15,19,23,31,4,10
14126,2014-10-27,2,9,22,30,34,9,10
14127,2014-10-29,2,4,6,15,19,2,11
14128,2014-11-01,2,4,16,22,34,8,11
14129,2014-11-03,7,22,28,30,32,5,6
14130,2014-11-05,2,18,31,32,33,5,7
14131,2014-11-08,3,16,19,23,27,3,7
14132,2014-11-10,1,3,4,19,32,1,7
14133,2014-11-12,2,8,12,14,18,4,12
14134,2014-11-15,2,5,7,11,32,9,12
14135,2014-11-17,20,26,28,30,35,9,12
14136,2014-11-19,4,18,20,34,35,7,11
14137,2014-11-22,2,11,16,22,34,2,5
14138,2014-11-24,1,7,29,32,34,9,12
14139,2014-11-26,3,5,7,15,34,1,10
14140,2014-11-29,1,19,20,25,34,7,12
14141,2014-12-01,4,17,20,26,29,5,8
14142,2014-12-03,18,21,25,28,30,4,6
14143,2014-12-06,1,11,14,18,25,6,10
14144,2014-12-08,1,21,24,25,35,4,11
14145,2014-12-10,15,19,22,24,26,10,11
14146,2014-12-13,2,16,23,24,28,10,11
14147,2014-12-15,5,9,14,26,34,2,9
14148,2014-12-17,3,9,10,11,20,7,9
14149,2014-12-20,2,13,19,26,35,1,5
14150,2014-12-22,19,21,30,33,35,5,7
15001,2015-01-03,8,9,19,27,30,6,7
15002,2015-01-05,3,14,20,26,32,6,10
15003,2015-01-07,12,19,27,28,34,1,12
15004,2015-01-10,3,12,14,18,28,5,6
15005,2015-01-12,11,14,15,18,19,7,8
15006,2015-01-14,6,8,30,32,33,3,7
15007,2015-01-17,2,7,8,14,31,4,8
15008,2015-01-19,7,10,11,15,17,3,10
15009,2015-01-21,17,22,26,27,33,6,10
15010,2015-01-24,2,6,17,30,35,2,7
15011,2015-01-26,4,13,22,25,30,1,6
15012,2015-01-28,3,4,6,11,31,5,9
15013,2015-01-31,11,15,25,28,35,7,10
15014,2015-02-02,8,16,25,29,35,3,10
15015,2015-02-04,1,5,13,17,32,4,11
15016,2015-02-07,6,7,16,20,34,9,11
15017,2015-02-09,7,13,16,17,29,1,7
15018,2015-02-11,4,7,10,23,31,3,7
15019,2015-02-14,2,8,16,22,24,1,3
15020,2015-02-16,11,26,28,29,32,1,4
15021,2015-02-25,22,23,24,26,31,5,6
15022,2015-02-28,9,11,14,15,26,11,12
15023,2015-03-02,6,9,11,12,22,3,11
15024,2015-03-04,2,6,8,16,34,3,4
15025,2015-03-07,7,10,20,22,27,10,11
15026,2015-03-09,11,13,14,15,22,2,8
15027,2015-03-11,5,21,22,25,28,3,10
15028,2015-03-14,3,9,28,32,33,9,10
15029,2015-03-16,7,10,19,30,35,3,5
15030,2015-03-18,9,18,19,26,31,2,5
15031,2015-03-21,7,21,29,32,33,4,12
15032,2015-03-23,6,21,25,27,30,7,11
15033,2015-03-25,3,17,22,26,28,3,7
15034,2015-03-28,4,8,15,18,26,5,9
15035,2015-03-30,22,24,29,30,35,1,10
15036,2015-04-01,14,18,20,23,24,4,8
15037,2015-04-04,10,16,21,28,31,7,8
15038,2015-04-06,12,19,22,31,35,7,8
15039,2015-04-08,3,6,7,16,25,1,6
15040,2015-04-11,2,9,10,23,35,9,12
15041,2015-04-13,1,11,21,23,28,1,10
15042,2015-04-15,3,7,12,17,24,2,11
15043,2015-04-18,2,20,22,25,29,2,7
15044,2015-04-20,16,18,27,31,33,1,3
15045,2015-04-22,8,9,22,29,30,8,12
15046,2015-04-25,5,7,10,22,26,4,10
15047,2015-04-27,1,2,17,23,31,5,12
15048,2015-04-29,10,11,22,24,33,2,9
15049,2015-05-02,8,9,11,15,22,8,10
15050,2015-05-04,6,7,10,20,28,2,7
15051,2015-05-06,1,2,11,16,21,1,5
15052,2015-05-09,13,19,24,27,29,7,8
15053,2015-05-11,8,25,28,29,32,4,7
15054,2015-05-13,2,9,15,24,34,3,9
15055,2015-05-16,6,11,14,20,30,5,10
15056,2015-05-18,6,12,19,26,35,3,10
15057,2015-05-20,1,5,7,14,26,4,6
15058,2015-05-23,10,14,20,27,30,7,12
15059,2015-05-25,7,9,19,23,32,1,3
15060,2015-05-27,16,24,25,26,33,4,11
15061,2015-05-30,6,7,8,16,22,2,10
15062,2015-06-01,6,7,13,14,15,1,4
15063,2015-06-03,1,4,6,34,35,2,4
15064,2015-06-06,2,8,20,28,31,7,10
15065,2015-06-08,4,5,7,13,35,8,11
15066,2015-06-10,1,3,7,13,29,2,10
15067,2015-06-13,4,10,18,24,27,4,11
15068,2015-06-15,2,3,20,31,35,4,8
15069,2015-06-17,2,9,11,22,25,1,7
15070,2015-06-20,3,9,12,17,18,4,12
15071,2015-06-22,4,6,13,16,34,4,10
15072,2015-06-24,19,20,21,31,33,9,10
15073,2015-06-27,9,26,27,30,34,1,6
15074,2015-06-29,1,12,21,27,33,4,9
15075,2015-07-01,13,14,26,27,33,10,12
15076,2015-07-04,3,19,21,31,34,5,12
15077,2015-07-06,1,16,17,22,28,2,9
15078,2015-07-08,19,24,26,28,33,1,2
15079,2015-07-11,1,9,17,23,24,4,5
15080,2015-07-13,14,20,29,30,32,3,8
15081,2015-07-15,3,4,10,13,17,5,9
15082,2015-07-18,8,15,28,31,33,3,6
15083,2015-07-20,14,16,19,25,29,10,12
15084,2015-07-22,10,20,21,32,34,6,7
15085,2015-07-25,2,3,4,6,16,3,12
15086,2015-07-27,5,9,11,15,32,4,9
15087,2015-07-29,2,5,15,17,22,1,11
15088,2015-08-01,5,15,28,31,34,11,12
15089,2015-08-03,5,12,18,20,27,10,12
15090,2015-08-05,6,9,11,17,21,6,8
15091,2015-08-08,2,7,28,29,30,3,7
15092,2015-08-10,2,14,21,27,34,5,8
15093,2015-08-12,16,17,25,26,27,2,4
15094,2015-08-15,2,3,10,11,29,3,7
15095,2015-08-17,8,14,26,34,35,5,10
15096,2015-08-19,3,9,12,18,21,2,6
15097,2015-08-22,4,16,17,26,27,1,4
15098,2015-08-24,9,14,21,27,33,6,9
15099,2015-08-26,9,12,14,22,25,5,10
15100,2015-08-29,9,15,18,23,32,5,7
15101,2015-08-31,6,12,17,18,32,7,12
15102,2015-09-02,11,14,15,33,34,3,12
15103,2015-09-05,7,9,15,25,34,4,10
15104,2015-09-07,16,19,25,30,34,4,9
15105,2015-09-09,8,9,15,21,27,5,9
15106,2015-09-12,2,11,13,22,30,2,3
15107,2015-09-14,3,23,25,28,29,6,7
15108,2015-09-16,1,13,16,26,31,7,12
15109,2015-09-19,1,6,11,22,31,3,12
15110,2015-09-21,2,7,10,22,30,7,11
15111,2015-09-23,7,8,16,24,28,3,10
15112,2015-09-26,4,5,15,19,28,4,11
15113,2015-09-28,1,14,21,29,33,2,10
15114,2015-09-30,9,18,24,31,34,2,10
15115,2015-10-03,8,12,13,14,16,3,9
15116,2015-10-05,7,10,19,24,33,3,7
15117,2015-10-07,6,17,20,30,33,10,11
15118,2015-10-10,3,7,20,24,31,4,9
15119,2015-10-12,1,8,12,16,21,6,11
15120,2015-10-14,1,9,15,24,32,5,10
15121,2015-10-17,2,4,17,27,28,4,6
15122,2015-10-19,11,13,15,26,35,6,11
15123,2015-10-21,4,15,27,29,30,2,10
15124,2015-10-24,4,6,12,31,32,3,6
15125,2015-10-26,2,3,15,17,28,8,10
15126,2015-10-28,4,5,8,9,21,3,6
15127,2015-10-31,9,11,14,19,30,3,8
15128,2015-11-02,10,12,23,30,32,3,4
15129,2015-11-04,1,6,23,25,29,3,9
15130,2015-11-07,17,25,31,32,34,2,12
15131,2015-11-09,11,17,19,20,27,2,3
15132,2015-11-11,3,8,14,18,27,1,5
15133,2015-11-14,3,7,8,25,30,4,8
15134,2015-11-16,1,2,6,15,35,4,7
15135,2015-11-18,5,16,20,25,29,6,8
15136,2015-11-21,5,20,23,29,32,2,10
15137,2015-11-23,14,17,21,23,26,8,11
15138,2015-11-25,1,16,20,29,32,4,7
15139,2015-11-28,2,3,5,25,32,5,7
15140,2015-11-30,1,11,15,26,35,6,11
15141,2015-12-02,2,4,15,19,31,2,3
15142,2015-12-05,12,14,22,26,30,3,6
15143,2015-12-07,9,20,31,33,35,10,11
15144,2015-12-09,1,9,24,26,29,6,11
15145,2015-12-12,6,7,20,29,32,11,12
15146,2015-12-14,4,15,19,27,31,4,11
15147,2015-12-16,1,2,13,18,19,8,10
15148,2015-12-19,8,11,27,31,33,8,9
15149,2015-12-21,4,6,10,12,28,2,8
15150,2015-12-23,4,13,18,25,33,3,7
16001,2016-01-02,1,7,19,20,30,5,10
16002,2016-01-04,7,12,18,25,35,7,9
16003,2016-01-06,4,12,17,22,26,6,7
16004,2016-01-09,10,20,23,32,35,9,10
16005,2016-01-11,6,9,12,15,20,8,11
16006,2016-01-13,14,16,17,22,24,2,9
16007,2016-01-16,2,5,14,32,35,1,3
16008,2016-01-18,5,12,31,34,35,4,5
16009,2016-01-20,5,8,10,17,20,2,12
16010,2016-01-23,12,13,15,16,28,2,5
16011,2016-01-25,2,8,10,15,23,5,10
16012,2016-01-27,5,7,11,23,28,3,12
16013,2016-01-30,3,21,23,31,35,2,11
16014,2016-02-01,6,8,21,24,27,2,10
16015,2016-02-03,1,4,10,13,30,3,9
16016,2016-02-06,3,10,22,29,32,2,5
16017,2016-02-15,11,18,24,28,29,5,10
16018,2016-02-17,5,10,13,27,33,8,11
16019,2016-02-20,4,11,15,20,26,8,9
16020,2016-02-22,1,16,22,29,30,2,9
16021,2016-02-24,1,4,9,10,35,9,11
16022,2016-02-27,4,18,21,30,35,2,11
16023,2016-02-29,4,9,14,25,27,6,11
16024,2016-03-02,1,2,11,15,18,4,8
16025,2016-03-05,3,6,13,23,24,7,10
16026,2016-03-07,2,6,29,30,34,1,7
16027,2016-03-09,6,11,13,15,28,2,6
16028,2016-03-12,13,18,20,23,31,3,6
16029,2016-03-14,20,26,27,29,32,5,12
16030,2016-03-16,10,19,21,29,33,4,6
16031,2016-03-19,3,14,24,27,29,4,11
16032,2016-03-21,5,9,14,20,33,5,12
16033,2016-03-23,3,14,15,31,35,9,10
16034,2016-03-26,14,18,31,32,35,9,10
16035,2016-03-28,17,22,24,25,29,9,12
16036,2016-03-30,7,15,26,30,31,3,6
16037,2016-04-02,3,5,13,24,34,3,5
16038,2016-04-04,3,7,9,15,33,5,12
16039,2016-04-06,1,8,16,22,28,4,5
16040,2016-04-09,20,22,29,30,35,1,6
16041,2016-04-11,12,23,24,27,34,3,6
16042,2016-04-13,2,6,8,19,24,1,6
16043,2016-04-16,1,9,16,33,34,9,12
16044,2016-04-18,1,6,10,20,31,5,11
16045,2016-04-20,7,11,25,30,33,2,8
16046,2016-04-23,3,19,22,32,34,8,12
16047,2016-04-25,2,3,23,29,32,5,9
16048,2016-04-27,4,12,17,25,27,4,10
16049,2016-04-30,3,4,5,27,33,4,9
16050,2016-05-02,7,17,21,29,35,4,5
16051,2016-05-04,16,21,23,24,32,7,8
16052,2016-05-07,8,14,19,20,33,10,11
16053,2016-05-09,4,13,15,30,35,3,5
16054,2016-05-11,2,5,9,21,30,6,7
16055,2016-05-14,6,21,27,30,34,4,9
16056,2016-05-16,10,12,14,31,35,4,5
16057,2016-05-18,8,17,19,23,30,3,8
16058,2016-05-21,2,15,17,23,28,5,9
16059,2016-05-23,2,10,27,28,33,5,7
16060,2016-05-25,2,6,22,27,34,8,11
16061,2016-05-28,9,15,17,21,23,7,12
16062,2016-05-30,2,10,14,15,35,1,9
16063,2016-06-01,8,12,22,27,35,5,9
16064,2016-06-04,1,2,10,18,35,5,11
16065,2016-06-06,1,9,18,22,24,11,12
16066,2016-06-08,10,28,29,31,33,5,11
16067,2016-06-11,2,8,11,13,19,2,8
16068,2016-06-13,5,7,22,26,34,7,12
16069,2016-06-15,14,17,19,23,30,2,9
16070,2016-06-18,2,9,13,19,23,5,7
16071,2016-06-20,8,15,19,20,33,7,12
16072,2016-06-22,16,20,24,26,31,4,9
16073,2016-06-25,7,14,17,24,27,8,10
16074,2016-06-27,1,5,7,11,14,3,8
16075,2016-06-29,3,7,17,22,31,8,12
16076,2016-07-02,3,8,10,17,31,5,6
16077,2016-07-04,9,11,14,16,35,2,5
16078,2016-07-06,7,18,29,31,35,5,11
16079,2016-07-09,7,14,15,20,27,5,10
16080,2016-07-11,15,20,29,30,33,7,12
16081,2016-07-13,6,7,18,21,33,3,8
16082,2016-07-16,3,8,23,28,29,2,7
16083,2016-07-18,1,5,9,33,35,1,5
16084,2016-07-20,8,12,15,26,35,1,8
16085,2016-07-23,14,15,27,31,32,1,7
16086,2016-07-25,3,5,22,25,30,7,9
16087,2016-07-27,3,16,17,23,25,7,9
16088,2016-07-30,4,6,17,21,30,6,11
16089,2016-08-01,7,14,17,28,34,7,10
16090,2016-08-03,4,6,8,28,32,7,12
16091,2016-08-06,8,13,17,21,22,2,8
16092,2016-08-08,2,13,31,33,34,7,11
16093,2016-08-10,1,8,14,30,35,6,7
16094,2016-08-13,1,14,16,17,18,5,7
16095,2016-08-15,8,12,18,19,21,3,6
16096,2016-08-17,1,6,8,12,21,5,10
16097,2016-08-20,6,8,18,31,33,10,12
16098,2016-08-22,8,9,11,20,29,4,5
16099,2016-08-24,3,4,12,14,27,1,5
16100,2016-08-27,8,12,19,26,30,2,12
16101,2016-08-29,4,6,28,33,35,7,12
16102,2016-08-31,3,5,6,34,35,3,12
16103,2016-09-03,5,14,20,23,29,3,11
16104,2016-09-05,1,20,22,23,30,6,7
16105,2016-09-07,8,11,31,34,35,1,2
16106,2016-09-10,3,21,30,33,35,1,4
16107,2016-09-12,2,6,19,24,26,4,6
16108,2016-09-14,10,17,22,23,25,7,9
16109,2016-09-17,3,25,28,31,34,11,12
16110,2016-09-19,7,20,21,23,30,7,10
16111,2016-09-21,4,9,22,26,27,2,12
16112,2016-09-24,7,22,23,31,32,4,5
16113,2016-09-26,10,11,17,30,34,3,12
16114,2016-09-28,16,17,20,32,33,3,7
16115,2016-10-01,1,4,15,31,34,2,11
16116,2016-10-03,4,6,8,19,34,10,12
16117,2016-10-05,3,9,14,16,23,2,9
16118,2016-10-08,12,15,18,24,29,3,11
16119,2016-10-10,2,3,9,21,22,5,10
16120,2016-10-12,3,10,20,32,34,4,7
16121,2016-10-15,4,5,8,15,20,1,6
16122,2016-10-17,1,3,12,14,29,2,6
16123,2016-10-19,4,5,13,20,32,1,10
16124,2016-10-22,4,13,24,26,29,8,11
16125,2016-10-24,6,7,8,28,30,1,2
16126,2016-10-26,11,13,16,19,24,6,8
16127,2016-10-29,1,5,15,24,26,9,10
16128,2016-10-31,17,20,22,30,33,7,8
16129,2016-11-02,7,8,19,30,35,8,9
16130,2016-11-05,11,23,32,33,34,1,12
16131,2016-11-07,6,13,25,28,30,2,7
16132,2016-11-09,4,18,19,22,35,1,2
16133,2016-11-12,1,4,5,23,28,5,9
16134,2016-11-14,1,3,31,32,34,2,7
16135,2016-11-16,1,10,12,18,35,1,12
16136,2016-11-19,5,6,7,19,23,4,11
16137,2016-11-21,7,20,23,29,34,2,10
16138,2016-11-23,12,13,16,29,35,5,11
16139,2016-11-26,13,21,30,31,35,1,8
16140,2016-11-28,12,16,23,29,34,4,11
16141,2016-11-30,2,6,7,19,28,11,12
16142,2016-12-03,1,6,17,23,26,6,12
16143,2016-12-05,4,6,22,27,31,6,7
16144,2016-12-07,4,5,13,22,31,5,10
16145,2016-12-10,1,9,11,17,28,3,8
16146,2016-12-12,21,22,25,29,34,1,11
16147,2016-12-14,7,19,20,28,30,4,12
16148,2016-12-17,5,14,15,23,25,6,8
16149,2016-12-19,1,2,3,12,33,4,9
16150,2016-12-21,1,10,18,24,29,7,10
17001,2017-01-02,7,9,20,31,33,8,10
17002,2017-01-04,7,12,14,31,34,9,11
17003,2017-01-07,3,5,6,13,22,9,12
17004,2017-01-09,5,8,11,28,31,6,7
17005,2017-01-11,5,9,20,26,35,2,11
17006,2017-01-14,4,6,23,32,33,5,6
17007,2017-01-16,8,11,17,25,27,2,4
17008,2017-01-18,3,4,9,25,32,2,4
17009,2017-01-21,5,6,8,12,22,3,4
17010,2017-01-23,4,10,13,18,35,1,2
17011,2017-01-25,5,15,21,29,34,6,9
17012,2017-02-04,4,5,24,26,35,7,12
17013,2017-02-06,5,12,17,30,34,11,12
17014,2017-02-08,4,8,15,24,25,2,5
17015,2017-02-11,1,7,19,27,34,1,2
17016,2017-02-13,3,13,28,30,33,9,10
17017,2017-02-15,4,19,24,26,29,4,6
17018,2017-02-18,6,7,10,17,23,1,9
17019,2017-02-20,2,6,14,23,25,2,10
17020,2017-02-22,16,21,24,27,28,4,7
17021,2017-02-25,1,15,17,20,26,6,8
17022,2017-02-27,2,3,9,17,24,6,12
17023,2017-03-01,5,8,12,24,34,7,10
17024,2017-03-04,21,23,29,32,35,11,12
17025,2017-03-06,10,16,19,20,34,4,5
17026,2017-03-08,10,14,19,25,32,2,7
17027,2017-03-11,8,17,25,33,34,3,11
17028,2017-03-13,6,18,22,23,33,9,11
17029,2017-03-15,1,6,14,17,29,1,11
17030,2017-03-18,21,22,24,29,34,5,6
17031,2017-03-20,2,16,17,30,32,2,9
17032,2017-03-22,2,13,14,18,29,3,9
17033,2017-03-25,15,22,23,25,34,5,11
17034,2017-03-27,6,12,21,26,29,2,11
17035,2017-03-29,14,17,22,30,33,7,12
17036,2017-04-01,1,4,9,18,33,2,5
17037,2017-04-03,13,15,16,32,34,6,11
17038,2017-04-05,4,5,13,18,27,3,9
17039,2017-04-08,5,6,14,17,26,3,8
17040,2017-04-10,4,6,10,23,29,9,11
17041,2017-04-12,2,4,6,25,31,5,9
17042,2017-04-15,2,17,31,33,34,1,7
17043,2017-04-17,6,13,22,25,35,9,12
17044,2017-04-19,11,16,17,18,25,2,9
17045,2017-04-22,1,8,11,21,35,9,12
17046,2017-04-24,4,17,20,23,30,2,3
17047,2017-04-26,15,19,32,33,34,9,12
17048,2017-04-29,7,9,13,15,19,3,10
17049,2017-05-01,9,12,14,22,31,5,8
17050,2017-05-03,12,14,17,20,28,2,6
17051,2017-05-06,14,17,18,22,29,10,11
17052,2017-05-08,3,19,24,28,33,4,12
17053,2017-05-10,6,19,20,22,26,1,11
17054,2017-05-13,16,29,30,32,33,4,5
17055,2017-05-15,19,20,22,30,33,3,9
17056,2017-05-17,1,4,24,27,32,3,10
17057,2017-05-20,12,16,19,23,24,2,5
17058,2017-05-22,14,18,20,21,28,3,6
17059,2017-05-24,8,11,13,15,17,3,10
17060,2017-05-27,9,15,20,26,31,5,12
17061,2017-05-29,10,19,23,25,30,2,4
17062,2017-05-31,1,4,6,8,28,8,12
17063,2017-06-03,18,21,22,24,29,5,11
17064,2017-06-05,1,8,20,27,30,3,4
17065,2017-06-07,5,11,12,19,28,5,12
17066,2017-06-10,11,15,23,26,30,2,11
17067,2017-06-12,10,17,18,32,35,10,11
17068,2017-06-14,7,8,19,24,27,6,7
17069,2017-06-17,10,16,20,23,32,8,11
17070,2017-06-19,6,16,18,26,30,2,3
17071,2017-06-21,1,4,11,14,33,5,7
17072,2017-06-24,1,3,29,32,34,2,5
17073,2017-06-26,7,18,28,31,33,1,2
17074,2017-06-28,8,10,11,13,17,8,11
17075,2017-07-01,5,11,16,18,35,1,6
17076,2017-07-03,2,7,25,30,35,7,12
17077,2017-07-05,1,3,4,25,31,6,9
17078,2017-07-08,4,5,27,31,34,3,6
17079,2017-07-10,1,17,19,32,33,2,11
17080,2017-07-12,8,10,21,30,31,2,5
17081,2017-07-15,2,12,15,20,34,1,6
17082,2017-07-17,5,13,20,21,25,8,9
17083,2017-07-19,2,5,14,22,34,3,9
17084,2017-07-22,6,11,14,21,31,9,12
17085,2017-07-24,9,13,14,25,30,2,5
17086,2017-07-26,12,15,18,22,31,1,8
17087,2017-07-29,3,14,21,29,35,2,6
17088,2017-07-31,5,28,31,34,35,8,9
17089,2017-08-02,3,5,6,15,18,3,10
17090,2017-08-05,3,6,15,22,35,9,11
17091,2017-08-07,1,5,7,16,19,3,12
17092,2017-08-09,3,7,9,17,34,4,5
17093,2017-08-12,5,6,17,21,29,2,4
17094,2017-08-14,3,5,8,29,33,4,8
17095,2017-08-16,15,32,33,34,35,3,12
17096,2017-08-19,3,7,9,17,28,4,12
17097,2017-08-21,7,14,19,22,34,7,12
17098,2017-08-23,6,9,17,30,35,10,11
17099,2017-08-26,8,9,17,18,24,3,7
17100,2017-08-28,2,5,18,19,31,1,9
17101,2017-08-30,5,15,21,25,29,5,8
17102,2017-09-02,1,12,23,24,29,8,12
17103,2017-09-04,4,19,20,24,29,3,4
17104,2017-09-06,9,11,22,27,30,9,11
17105,2017-09-09,4,15,22,24,32,2,9
17106,2017-09-11,9,12,18,23,29,2,4
17107,2017-09-13,4,10,19,25,27,6,12
17108,2017-09-16,1,4,15,21,22,4,9
17109,2017-09-18,6,9,19,26,34,5,7
17110,2017-09-20,10,14,20,21,35,2,5
17111,2017-09-23,2,14,17,26,34,8,12
17112,2017-09-25,5,6,20,31,32,6,12
17113,2017-09-27,5,8,17,18,23,4,12
17114,2017-09-30,6,7,12,18,23,1,12
17115,2017-10-02,14,19,20,25,31,6,8
17116,2017-10-04,2,27,30,32,33,1,3
17117,2017-10-07,5,7,9,24,32,8,10
17118,2017-10-09,2,7,16,20,33,3,11
17119,2017-10-11,5,7,13,29,35,3,8
17120,2017-10-14,8,15,24,26,27,5,6
17121,2017-10-16,1,6,12,26,31,1,7
17122,2017-10-18,3,12,18,29,34,3,11
17123,2017-10-21,3,15,23,26,32,1,12
17124,2017-10-23,3,29,30,32,35,3,8
17125,2017-10-25,7,11,18,26,28,4,5
17126,2017-10-28,3,4,13,24,33,1,11
17127,2017-10-30,2,15,18,21,22,3,10
17128,2017-11-01,9,11,13,18,33,2,3
17129,2017-11-04,5,17,20,32,33,4,9
17130,2017-11-06,5,18,28,33,34,3,4
17131,2017-11-08,3,5,8,19,34,1,12
17132,2017-11-11,11,17,23,26,27,1,10
17133,2017-11-13,15,17,19,32,33,1,3
17134,2017-11-15,7,18,19,32,34,2,10
17135,2017-11-18,1,12,15,19,22,2,4
17136,2017-11-20,1,11,20,21,22,3,4
17137,2017-11-22,1,20,22,28,29,5,7
17138,2017-11-25,4,7,9,20,25,2,11
17139,2017-11-27,2,6,19,25,32,9,12
17140,2017-11-29,10,16,25,26,29,1,5
17141,2017-12-02,2,8,21,22,29,3,5
17142,2017-12-04,1,5,16,19,28,2,10
17143,2017-12-06,6,9,24,29,32,2,7
17144,2017-12-09,3,21,23,29,32,10,11
17145,2017-12-11,4,7,17,18,19,3,10
17146,2017-12-13,1,5,11,14,35,9,10
17147,2017-12-16,5,16,17,25,34,1,11
17148,2017-12-18,19,27,31,32,35,11,12
17149,2017-12-20,10,18,19,25,26,4,12
17150,2017-12-23,3,6,10,13,18,9,11
18001,2018-01-01,1,13,22,25,35,3,4
18002,2018-01-03,12,20,23,27,34,1,6
18003,2018-01-06,4,21,23,24,30,9,10
18004,2018-01-08,4,9,22,28,30,1,10
18005,2018-01-10,4,9,23,24,30,8,11
18006,2018-01-13,19,20,30,32,33,3,5
18007,2018-01-15,3,4,28,31,34,4,11
18008,2018-01-17,9,15,17,20,22,10,11
18009,2018-01-20,10,12,28,30,34,3,4
18010,2018-01-22,24,25,26,28,29,4,12
18011,2018-01-24,3,13,15,23,26,1,10
18012,2018-01-27,3,22,24,29,34,7,11
18013,2018-01-29,8,24,31,33,35,7,10
18014,2018-01-31,14,16,18,24,31,1,8
18015,2018-02-03,4,13,15,18,29,5,11
18016,2018-02-05,1,2,12,13,23,9,12
18017,2018-02-07,4,19,21,23,31,4,9
18018,2018-02-10,6,8,13,24,28,6,12
18019,2018-02-12,10,11,19,21,28,5,12
18020,2018-02-14,1,10,13,14,21,9,12
18021,2018-02-24,5,6,8,9,15,4,11
18022,2018-02-26,2,10,19,33,35,5,6
18023,2018-02-28,12,13,18,21,29,2,8
18024,2018-03-03,2,16,24,30,32,4,7
18025,2018-03-05,7,8,9,15,34,7,8
18026,2018-03-07,1,2,3,4,30,3,5
18027,2018-03-10,1,18,20,21,26,4,11
18028,2018-03-12,4,19,25,30,35,4,7
18029,2018-03-14,3,9,21,25,29,1,8
18030,2018-03-17,5,18,21,28,32,9,11
18031,2018-03-19,3,8,13,17,23,5,11
18032,2018-03-21,7,10,17,32,35,5,12
18033,2018-03-24,2,3,19,23,34,4,9
18034,2018-03-26,8,11,22,27,32,3,7
18035,2018-03-28,5,7,10,12,24,7,11
18036,2018-03-31,11,17,18,21,27,7,8
18037,2018-04-02,1,3,27,30,31,2,11
18038,2018-04-04,14,23,25,31,32,1,3
18039,2018-04-07,2,7,14,29,32,10,11
18040,2018-04-09,5,7,18,27,31,1,8
18041,2018-04-11,1,23,25,31,33,1,12
18042,2018-04-14,3,19,25,29,35,5,9
18043,2018-04-16,3,6,13,28,33,4,11
18044,2018-04-18,2,4,6,18,21,5,8
18045,2018-04-21,2,5,20,30,35,5,9
18046,2018-04-23,10,20,22,29,32,5,10
18047,2018-04-25,3,8,10,14,20,4,8
18048,2018-04-28,2,3,11,20,25,2,7
18049,2018-04-30,4,7,9,10,13,6,12
18050,2018-05-02,22,24,26,34,35,6,12
18051,2018-05-05,9,18,28,29,35,3,11
18052,2018-05-07,5,16,18,19,25,2,7
18053,2018-05-09,11,16,21,23,25,2,12
18054,2018-05-12,9,10,12,20,30,1,7
18055,2018-05-14,3,7,20,33,34,9,10
18056,2018-05-16,2,4,16,28,34,5,7
18057,2018-05-19,13,19,22,27,28,5,6
18058,2018-05-21,9,11,12,26,32,4,10
18059,2018-05-23,1,9,10,27,35,6,11
18060,2018-05-26,4,22,27,29,31,2,10
18061,2018-05-28,4,10,12,28,31,8,11
18062,2018-05-30,12,14,19,23,35,2,7
18063,2018-06-02,5,14,15,32,34,3,10
18064,2018-06-04,1,3,4,11,29,2,4
18065,2018-06-06,7,10,28,31,32,8,10
18066,2018-06-09,1,20,23,32,33,1,4
18067,2018-06-11,3,7,12,18,31,7,10
18068,2018-06-13,8,12,16,26,33,5,6
18069,2018-06-16,1,8,13,21,24,2,11
18070,2018-06-18,2,5,10,16,30,4,7
18071,2018-06-20,2,5,23,30,31,3,9
18072,2018-06-23,5,12,17,24,26,1,2
18073,2018-06-25,13,19,24,25,29,2,8
18074,2018-06-27,3,9,12,28,30,4,12
18075,2018-06-30,1,6,12,20,34,4,12
18076,2018-07-02,7,18,28,29,32,6,8
18077,2018-07-04,1,6,9,15,26,8,9
18078,2018-07-07,7,11,12,22,30,3,6
18079,2018-07-09,3,4,10,27,29,1,5
18080,2018-07-11,7,16,24,26,31,10,11
18081,2018-07-14,2,10,13,21,35,1,12
18082,2018-07-16,1,2,14,17,18,8,10
18083,2018-07-18,7,12,25,27,28,10,11
18084,2018-07-21,6,11,17,22,35,11,12
18085,2018-07-23,1,2,14,25,31,5,7
18086,2018-07-25,16,22,24,29,31,4,5
18087,2018-07-28,3,14,19,23,25,1,4
18088,2018-07-30,8,9,21,25,33,1,8
18089,2018-08-01,26,27,28,32,34,6,10
18090,2018-08-04,6,20,24,33,34,4,11
18091,2018-08-06,6,22,26,28,31,1,7
18092,2018-08-08,5,7,14,18,19,4,10
18093,2018-08-11,3,11,16,18,33,3,11
18094,2018-08-13,11,16,25,30,34,8,10
18095,2018-08-15,7,14,18,29,35,5,12
18096,2018-08-18,13,14,20,28,34,6,10
18097,2018-08-20,10,12,14,18,23,1,4
18098,2018-08-22,2,15,18,25,27,5,7
18099,2018-08-25,12,13,16,20,21,1,7
18100,2018-08-27,6,20,21,26,30,6,9
18101,2018-08-29,3,14,15,23,29,4,5
18102,2018-09-01,6,7,13,22,24,10,12
18103,2018-09-03,14,24,26,28,35,2,3
18104,2018-09-05,1,13,14,26,28,7,11
18105,2018-09-08,1,16,19,20,31,2,7
18106,2018-09-10,4,14,17,24,31,1,4
18107,2018-09-12,7,8,9,10,22,3,4
18108,2018-09-15,9,10,24,31,32,7,12
18109,2018-09-17,10,16,23,25,34,2,5
18110,2018-09-19,6,19,21,27,28,3,11
18111,2018-09-22,3,16,27,28,32,4,5
18112,2018-09-24,3,7,8,9,29,9,10
18113,2018-09-26,8,12,27,31,33,4,8
18114,2018-09-29,12,18,26,28,29,5,6
18115,2018-10-01,2,6,13,18,25,1,2
18116,2018-10-03,1,14,17,21,33,7,10
18117,2018-10-06,7,11,13,22,29,3,8
18118,2018-10-08,4,5,14,21,34,6,9
18119,2018-10-10,6,9,11,16,35,2,5
18120,2018-10-13,21,22,25,27,30,8,9
18121,2018-10-15,6,7,21,29,30,1,10
18122,2018-10-17,8,9,21,30,31,5,12
18123,2018-10-20,6,9,29,32,35,2,4
18124,2018-10-22,8,10,12,19,20,10,11
18125,2018-10-24,7,16,20,21,34,4,6
18126,2018-10-27,11,13,15,21,27,5,6
18127,2018-10-29,1,3,4,11,29,8,12
18128,2018-10-31,11,12,14,16,26,8,9
18129,2018-11-03,4,7,21,22,29,3,6
18130,2018-11-05,3,4,16,18,25,1,11
18131,2018-11-07,12,14,21,32,33,2,11
18132,2018-11-10,3,16,22,23,27,1,4
18133,2018-11-12,8,12,14,15,19,1,10
18134,2018-11-14,4,5,19,31,35,2,12
18135,2018-11-17,14,19,23,27,34,6,12
18136,2018-11-19,3,11,12,19,21,5,11
18137,2018-11-21,7,10,22,23,33,8,11
18138,2018-11-24,1,23,24,28,33,4,5
18139,2018-11-26,5,11,16,28,35,6,9
18140,2018-11-28,1,6,8,12,15,3,4
18141,2018-12-01,3,7,23,26,33,4,9
18142,2018-12-03,19,24,28,29,34,10,11
18143,2018-12-05,4,7,20,22,33,1,2
18144,2018-12-08,6,17,18,24,31,7,11
18145,2018-12-10,9,18,29,31,33,6,11
18146,2018-12-12,3,8,9,13,33,1,2
18147,2018-12-15,1,11,26,33,35,2,10
18148,2018-12-17,2,6,24,33,34,2,3
18149,2018-12-19,1,7,10,11,20,3,6
18150,2018-12-22,5,12,13,31,34,10,12
19001,2019-01-02,6,18,23,26,28,3,12
19002,2019-01-05,2,7,14,22,31,1,7
19003,2019-01-07,4,8,18,20,32,10,12
19004,2019-01-09,15,16,17,31,32,3,9
19005,2019-01-12,21,26,27,29,34,5,6
19006,2019-01-14,14,17,19,25,30,4,8
19007,2019-01-16,3,12,16,29,32,1,5
19008,2019-01-19,3,8,17,20,24,6,11
19009,2019-01-21,3,9,15,18,26,6,12
19010,2019-01-23,3,7,24,25,27,2,12
19011,2019-01-26,4,12,13,16,17,4,9
19012,2019-01-28,5,9,17,18,19,7,10
19013,2019-01-30,8,10,15,17,18,1,8
19014,2019-02-02,12,14,20,28,31,9,11
19015,2019-02-11,2,5,10,13,30,4,6
19016,2019-02-13,3,5,13,16,28,2,6
19017,2019-02-16,1,5,7,22,25,3,4
19018,2019-02-18,3,18,19,26,34,6,12
19019,2019-02-20,4,11,19,25,32,1,2
19020,2019-02-23,1,8,16,27,34,3,12
19021,2019-02-25,7,13,17,24,33,1,10
19022,2019-02-27,1,4,14,15,21,1,5
19023,2019-03-02,1,3,14,26,30,6,11
19024,2019-03-04,11,17,19,29,33,8,9
19025,2019-03-06,6,13,16,19,29,3,7
19026,2019-03-09,10,12,15,17,19,2,3
19027,2019-03-11,16,18,24,25,27,2,7
19028,2019-03-13,6,22,28,29,33,2,7
19029,2019-03-16,1,4,18,24,28,2,3
19030,2019-03-18,7,9,13,14,33,2,4
19031,2019-03-20,3,8,21,26,33,4,5
19032,2019-03-23,1,4,7,11,30,7,8
19033,2019-03-25,1,2,4,16,24,7,9
19034,2019-03-27,8,12,15,27,30,1,2
19035,2019-03-30,1,3,5,7,18,8,9
19036,2019-04-01,3,9,21,28,30,1,12
19037,2019-04-03,6,16,26,33,35,4,8
19038,2019-04-06,5,11,16,18,27,7,12
19039,2019-04-08,1,12,18,26,35,6,12
19040,2019-04-10,1,3,31,32,34,1,3
19041,2019-04-13,12,19,20,22,28,2,6
19042,2019-04-15,4,10,13,28,33,11,12
19043,2019-04-17,2,6,7,12,15,6,12
19044,2019-04-20,3,6,10,12,31,1,2
19045,2019-04-22,1,4,16,19,33,3,12
19046,2019-04-24,2,8,14,15,35,10,12
19047,2019-04-27,3,4,10,16,32,4,9
19048,2019-04-29,6,10,16,29,33,5,11
19049,2019-05-01,10,16,22,26,27,7,11
19050,2019-05-04,4,15,16,20,35,3,12
19051,2019-05-06,11,15,16,20,29,4,8
19052,2019-05-08,4,10,15,20,24,7,11
19053,2019-05-11,1,11,19,26,35,11,12
19054,2019-05-13,2,18,23,27,30,5,10
19055,2019-05-15,2,4,6,19,22,2,6
19056,2019-05-18,1,7,10,12,23,6,8
19057,2019-05-20,8,14,16,34,35,6,12
19058,2019-05-22,3,10,13,14,32,7,11
19059,2019-05-25,7,8,15,27,32,8,12
19060,2019-05-27,1,11,12,18,21,8,10
19061,2019-05-29,1,2,13,14,26,5,11
19062,2019-06-01,5,16,23,25,28,1,12
19063,2019-06-03,5,8,15,18,21,4,8
19064,2019-06-05,7,8,13,19,29,11,12
19065,2019-06-08,3,8,10,23,27,2,12
19066,2019-06-10,4,10,11,18,31,5,8
19067,2019-06-12,3,8,11,15,16,2,10
19068,2019-06-15,4,5,8,17,27,6,11
19069,2019-06-17,8,22,23,33,34,4,6
19070,2019-06-19,2,13,15,22,34,2,12
19071,2019-06-22,7,13,14,15,22,7,11
19072,2019-06-24,2,4,6,9,18,7,10
19073,2019-06-26,4,11,19,20,24,8,11
19074,2019-06-29,8,9,13,14,34,5,7
19075,2019-07-01,5,6,7,11,16,2,11
19076,2019-07-03,1,6,11,23,29,1,11
19077,2019-07-06,1,15,17,21,33,7,10
19078,2019-07-08,5,10,21,26,30,1,7
19079,2019-07-10,10,13,16,28,35,4,5
19080,2019-07-13,5,13,18,19,24,2,7
19081,2019-07-15,6,24,26,30,33,2,7
19082,2019-07-17,6,18,20,21,31,3,4
19083,2019-07-20,17,24,26,28,32,7,9
19084,2019-07-22,12,23,25,34,35,1,7
19085,2019-07-24,4,5,6,15,26,8,11
19086,2019-07-27,5,15,16,28,31,2,7
19087,2019-07-29,5,6,18,19,27,7,12
19088,2019-07-31,1,5,18,27,33,6,8
19089,2019-08-03,9,14,18,33,34,3,12
19090,2019-08-05,13,19,28,30,33,2,12
19091,2019-08-07,4,13,20,26,28,3,12
19092,2019-08-10,2,11,15,27,30,2,5
19093,2019-08-12,16,17,26,29,35,1,7
19094,2019-08-14,1,12,14,26,27,7,9
19095,2019-08-17,3,12,17,19,31,2,6
19096,2019-08-19,2,12,22,23,27,2,6
19097,2019-08-21,10,17,20,30,35,10,12
19098,2019-08-24,13,15,17,19,22,3,4
19099,2019-08-26,4,6,18,27,33,7,9
19100,2019-08-28,5,8,12,19,21,6,11
19101,2019-08-31,5,11,18,19,27,5,6
19102,2019-09-02,5,10,15,19,31,3,6
19103,2019-09-04,5,12,22,27,32,4,7
19104,2019-09-07,2,7,19,22,28,3,5
19105,2019-09-09,1,4,9,14,17,1,6
19106,2019-09-11,5,8,10,32,35,2,10
19107,2019-09-14,5,9,19,27,35,2,3
19108,2019-09-16,24,27,28,31,34,4,8
19109,2019-09-18,2,7,8,20,25,11,12
19110,2019-09-21,1,19,23,24,30,4,5
19111,2019-09-23,6,15,20,23,27,8,10
19112,2019-09-25,3,10,16,21,33,5,6
19113,2019-09-28,3,11,27,34,35,1,2
19114,2019-09-30,3,5,7,20,23,4,11
19115,2019-10-09,1,18,21,28,32,5,12
19116,2019-10-12,2,10,16,21,23,2,12
19117,2019-10-14,1,18,21,25,35,7,8
19118,2019-10-16,2,3,13,19,26,2,3
19119,2019-10-19,3,6,9,23,34,2,11
19120,2019-10-21,6,15,17,22,25,1,9
19121,2019-10-23,1,2,3,7,17,4,10
19122,2019-10-26,5,19,25,31,33,10,11
19123,2019-10-28,3,13,15,26,30,5,12
19124,2019-10-30,7,17,26,27,30,6,12
19125,2019-11-02,5,8,9,14,34,2,5
19126,2019-11-04,5,9,16,18,30,4,7
19127,2019-11-06,4,7,8,11,16,9,11
19128,2019-11-09,20,21,25,34,35,3,12
19129,2019-11-11,10,13,18,23,30,6,12
19130,2019-11-13,1,13,20,21,26,4,10
19131,2019-11-16,5,6,14,27,29,6,10
19132,2019-11-18,3,5,6,13,18,10,12
19133,2019-11-20,3,12,24,27,34,1,12
19134,2019-11-23,5,6,7,14,17,10,11
19135,2019-11-25,4,5,19,25,26,1,11
19136,2019-11-27,3,16,20,26,29,3,9
19137,2019-11-30,3,5,12,13,26,7,12
19138,2019-12-02,4,6,7,20,29,2,4
19139,2019-12-04,1,5,7,8,11,6,10
19140,2019-12-07,3,7,8,25,27,3,5
19141,2019-12-09,2,10,20,21,35,1,12
19142,2019-12-11,3,4,26,29,33,6,7
19143,2019-12-14,4,22,23,24,32,6,12
19144,2019-12-16,2,5,20,28,31,2,11
19145,2019-12-18,5,9,19,22,32,3,5
19146,2019-12-21,10,11,26,33,34,1,6
19147,2019-12-23,9,12,19,22,33,7,8
19148,2019-12-25,3,4,7,11,30,8,9
19149,2019-12-28,1,2,7,33,35,6,10
19150,2019-12-30,7,11,12,16,33,5,7
20001,2020-01-01,17,25,26,32,34,4,7
20002,2020-01-04,3,7,18,25,30,2,7
20003,2020-01-06,23,25,26,30,34,3,7
20004,2020-01-08,17,20,21,29,30,5,9
20005,2020-01-11,6,10,33,34,35,1,3
20006,2020-01-13,9,22,25,31,32,8,12
20007,2020-01-15,2,10,19,24,30,5,8
20008,2020-01-18,14,17,19,24,32,1,6
20009,2020-01-20,19,29,31,34,35,6,10
20010,2020-03-14,1,8,13,24,32,2,9
20011,2020-03-16,2,13,19,22,23,2,7
20012,2020-03-18,1,6,18,32,34,1,3
20013,2020-03-21,1,4,5,11,35,3,9
20014,2020-03-23,3,7,9,17,21,3,6
20015,2020-03-25,1,7,23,24,26,3,7
20016,2020-03-28,4,8,19,31,35,1,2
20017,2020-03-30,1,6,7,9,10,2,11
20018,2020-04-01,9,14,16,24,26,4,12
20019,2020-04-04,1,12,22,23,33,1,12
20020,2020-04-06,8,10,12,26,32,5,9
20021,2020-04-08,10,12,24,31,33,4,9
20022,2020-04-11,4,14,20,28,35,2,3
20023,2020-04-13,4,11,23,26,30,1,6
20024,2020-04-15,3,5,6,24,30,3,7
20025,2020-04-18,2,14,21,22,26,5,7
20026,2020-04-20,3,15,26,32,34,8,12
20027,2020-04-22,4,7,20,25,32,3,9
20028,2020-04-25,4,5,28,34,35,1,8
20029,2020-04-27,11,14,17,22,30,7,9
20030,2020-04-29,1,8,17,27,30,5,6
20031,2020-05-02,1,2,5,15,21,4,5
20032,2020-05-04,2,3,9,16,32,3,4
20033,2020-05-06,7,19,20,31,34,5,8
20034,2020-05-09,11,13,20,27,31,2,4
20035,2020-05-11,10,11,22,26,28,2,4
20036,2020-05-13,1,5,11,12,26,2,7
20037,2020-05-16,1,4,10,11,14,2,5
20038,2020-05-18,4,15,20,22,24,1,9
20039,2020-05-20,1,5,15,22,31,2,9
20040,2020-05-23,2,17,20,28,29,1,7
20041,2020-05-25,7,13,20,29,34,4,7
20042,2020-05-27,3,4,5,11,22,5,6
20043,2020-05-30,12,13,17,31,32,1,6
20044,2020-06-01,1,3,22,28,30,2,5
20045,2020-06-03,2,9,16,23,27,3,8
20046,2020-06-06,15,24,27,30,34,4,12
20047,2020-06-08,4,18,27,28,30,3,10
20048,2020-06-10,3,9,10,15,16,7,9
20049,2020-06-13,3,11,15,22,30,8,10
20050,2020-06-15,3,14,16,22,34,2,6
20051,2020-06-17,2,7,9,19,33,1,7
20052,2020-06-20,9,11,26,28,35,6,7
20053,2020-06-22,2,15,18,21,27,3,6
20054,2020-06-24,11,14,15,19,20,3,7
20055,2020-06-27,3,4,12,18,34,10,12
20056,2020-06-29,3,11,25,29,34,3,6
20057,2020-07-01,17,20,21,22,31,2,8
20058,2020-07-04,1,15,19,26,27,5,10
20059,2020-07-06,1,15,22,28,32,3,11
20060,2020-07-08,12,14,25,34,35,3,12
20061,2020-07-11,7,8,12,21,26,1,6
20062,2020-07-13,1,5,14,23,31,2,7
20063,2020-07-15,11,18,20,21,33,6,7
20064,2020-07-18,5,10,23,34,35,1,11
20065,2020-07-20,13,15,26,32,33,5,7
20066,2020-07-22,6,14,21,34,35,3,10
20067,2020-07-25,1,8,14,16,28,4,10
20068,2020-07-27,15,20,23,26,33,2,8
20069,2020-07-29,5,7,26,30,31,7,10
20070,2020-08-01,1,22,30,31,32,4,12
20071,2020-08-03,1,12,16,28,33,3,12
20072,2020-08-05,11,15,18,20,27,5,6
20073,2020-08-08,4,10,12,23,27,8,9
20074,2020-08-10,3,9,10,12,21,4,11
20075,2020-08-12,2,9,10,21,35,1,7
20076,2020-08-15,1,8,18,28,30,10,12
20077,2020-08-17,17,23,28,29,32,1,3
20078,2020-08-19,14,18,20,28,34,10,11
20079,2020-08-22,4,16,24,29,35,2,12
20080,2020-08-24,3,6,22,24,25,9,10
20081,2020-08-26,1,13,15,32,35,8,10
20082,2020-08-29,2,11,12,21,34,4,8
20083,2020-08-31,1,2,17,32,34,4,9
20084,2020-09-02,2,10,20,24,31,6,12
20085,2020-09-05,3,4,11,15,28,2,3
20086,2020-09-07,8,11,15,20,28,4,10
20087,2020-09-09,1,4,20,23,29,4,8
20088,2020-09-12,2,7,23,26,35,1,12
20089,2020-09-14,13,16,20,22,27,1,2
20090,2020-09-16,5,6,27,28,29,11,12
20091,2020-09-19,12,16,20,23,31,5,12
20092,2020-09-21,8,11,17,31,35,7,11
20093,2020-09-23,6,14,25,27,28,4,11
20094,2020-09-26,4,6,7,8,16,2,8
20095,2020-09-28,2,18,25,26,32,2,7
20096,2020-09-30,7,8,10,25,28,3,11
20097,2020-10-05,5,25,27,30,34,6,12
20098,2020-10-07,4,9,15,24,35,4,10
20099,2020-10-10,2,3,11,15,27,4,12
20100,2020-10-12,4,5,8,22,33,7,10
20101,2020-10-14,3,4,5,9,34,7,9
20102,2020-10-17,7,11,18,20,29,9,12
20103,2020-10-19,7,12,13,19,23,2,8
20104,2020-10-21,3,12,23,26,30,4,7
20105,2020-10-24,3,8,12,13,22,4,12
20106,2020-10-26,2,3,11,14,27,4,10
20107,2020-10-28,1,4,13,17,28,3,7
20108,2020-10-31,2,3,6,7,33,8,9
20109,2020-11-02,2,20,21,23,32,6,12
20110,2020-11-04,11,16,20,21,28,5,11
20111,2020-11-07,5,7,9,20,28,2,7
20112,2020-11-09,8,11,13,30,32,2,6
20113,2020-11-11,6,14,18,28,33,2,5
20114,2020-11-14,10,12,21,24,30,3,7
20115,2020-11-16,1,9,18,19,23,1,9
20116,2020-11-18,8,10,12,16,22,3,9
20117,2020-11-21,7,19,20,23,24,5,10
20118,2020-11-23,1,9,15,30,33,4,9
20119,2020-11-25,14,22,24,28,32,7,8
20120,2020-11-28,5,25,26,30,35,4,10
20121,2020-11-30,9,17,27,28,35,3,8
20122,2020-12-02,8,19,29,34,35,6,11
20123,2020-12-05,1,7,11,15,21,4,11
20124,2020-12-07,11,15,24,26,35,4,5
20125,2020-12-09,1,2,3,8,22,1,4
20126,2020-12-12,1,4,9,22,28,4,12
20127,2020-12-14,1,4,17,18,26,3,10
20128,2020-12-16,9,12,13,26,33,4,10
20129,2020-12-19,10,22,27,33,34,1,11
20130,2020-12-21,16,17,23,26,32,2,12
20131,2020-12-23,8,25,27,29,35,2,3
20132,2020-12-26,3,15,16,17,21,7,10
20133,2020-12-28,11,24,26,33,35,8,9
20134,2020-12-30,8,11,13,22,25,4,7
21001,2021-01-02,2,6,12,19,33,8,9
21002,2021-01-04,2,16,26,31,34,9,11
21003,2021-01-06,7,21,28,31,35,4,10
21004,2021-01-09,5,10,17,23,28,2,8
21005,2021-01-11,3,7,10,12,35,3,5
21006,2021-01-13,4,22,25,28,35,4,5
21007,2021-01-16,5,23,30,34,35,8,10
21008,2021-01-18,5,19,20,27,33,3,8
21009,2021-01-20,1,3,20,29,32,5,12
21010,2021-01-23,1,5,16,22,34,8,11
21011,2021-01-25,6,9,11,14,21,1,3
21012,2021-01-27,6,12,20,23,33,1,9
21013,2021-01-30,21,27,28,30,34,8,11
21014,2021-02-01,7,13,20,27,29,4,9
21015,2021-02-03,4,8,17,19,25,1,7
21016,2021-02-06,8,9,10,19,34,1,2
21017,2021-02-08,17,21,26,29,32,2,7
21018,2021-02-20,2,20,23,26,34,5,10
21019,2021-02-22,1,12,13,28,29,3,4
21020,2021-02-24,7,21,22,30,33,4,6
21021,2021-02-27,16,18,29,33,35,9,12
21022,2021-03-01,2,12,22,30,33,2,4
21023,2021-03-03,7,9,13,16,32,2,9
21024,2021-03-06,11,14,21,24,31,2,10
21025,2021-03-08,17,18,23,30,31,10,12
21026,2021-03-10,7,11,20,24,27,1,11
21027,2021-03-13,9,21,22,26,30,4,12
21028,2021-03-15,2,3,5,17,29,4,10
21029,2021-03-17,2,6,10,32,33,4,7
21030,2021-03-20,18,23,25,26,32,2,7
21031,2021-03-22,1,4,19,20,34,3,5
21032,2021-03-24,1,11,14,34,35,7,10
21033,2021-03-27,1,3,5,30,32,1,5
21034,2021-03-29,8,10,14,25,34,7,8
21035,2021-03-31,5,11,16,30,32,3,4
21036,2021-04-03,8,17,25,28,33,7,11
21037,2021-04-05,10,21,27,29,33,4,12
21038,2021-04-07,9,11,20,29,32,1,7
21039,2021-04-10,4,12,14,21,35,2,11
21040,2021-04-12,2,3,9,16,19,3,7
21041,2021-04-14,2,5,9,11,32,4,9
21042,2021-04-17,9,15,20,23,29,4,5
21043,2021-04-19,7,12,17,19,34,1,10
21044,2021-04-21,6,18,31,33,35,10,11
21045,2021-04-24,1,4,6,11,19,7,9
21046,2021-04-26,6,8,12,14,18,6,8
21047,2021-04-28,1,6,9,25,33,4,8
21048,2021-05-01,4,7,17,21,27,10,12
21049,2021-05-03,1,10,22,23,25,2,12
21050,2021-05-05,9,22,32,33,35,5,10
21051,2021-05-08,1,4,14,16,19,3,4
21052,2021-05-10,2,11,13,14,30,9,12
21053,2021-05-12,3,6,15,17,35,7,11
21054,2021-05-15,3,6,17,20,25,3,9
21055,2021-05-17,3,6,10,11,24,10,11
21056,2021-05-19,3,11,16,21,26,9,10
21057,2021-05-22,5,7,19,20,28,5,7
21058,2021-05-24,13,15,17,23,34,1,11
21059,2021-05-26,4,16,27,28,35,2,9
21060,2021-05-29,9,13,25,31,33,3,7
21061,2021-05-31,15,19,20,26,32,4,7
21062,2021-06-02,4,6,23,32,34,5,7
21063,2021-06-05,5,9,14,29,30,9,11
21064,2021-06-07,1,17,19,32,34,6,10
21065,2021-06-09,23,25,30,31,35,7,8
21066,2021-06-12,24,26,29,34,35,9,11
21067,2021-06-14,1,4,22,23,34,8,9
21068,2021-06-16,2,20,21,26,30,2,10
21069,2021-06-19,1,3,24,32,33,4,6
21070,2021-06-21,3,20,21,22,24,6,12
21071,2021-06-23,8,11,16,29,35,1,4
21072,2021-06-26,2,3,15,22,26,3,11
21073,2021-06-28,8,12,14,20,24,6,10
21074,2021-06-30,11,14,18,20,25,3,7
21075,2021-07-03,6,14,15,17,20,1,5
21076,2021-07-05,6,13,22,25,26,2,4
21077,2021-07-07,2,6,9,21,25,6,8
21078,2021-07-10,2,8,17,19,25,1,5
21079,2021-07-12,6,14,19,26,33,8,11
21080,2021-07-14,15,16,20,29,30,6,10
21081,2021-07-17,5,13,24,29,35,7,8
21082,2021-07-19,1,14,22,29,33,3,10
21083,2021-07-21,7,9,11,26,35,1,8
21084,2021-07-24,2,10,14,30,33,6,9
21085,2021-07-26,1,12,15,26,35,10,11
21086,2021-07-28,2,3,7,16,17,6,10
21087,2021-07-31,10,14,15,25,28,3,10
21088,2021-08-02,2,14,31,34,35,1,7
21089,2021-08-04,1,17,24,28,35,10,12
21090,2021-08-07,6,7,19,26,32,6,12
21091,2021-08-09,1,4,10,21,29,3,5
21092,2021-08-11,12,14,27,28,34,3,7
21093,2021-08-14,20,25,27,28,31,8,11
21094,2021-08-16,5,6,24,27,33,5,12
21095,2021-08-18,10,15,19,20,30,11,12
21096,2021-08-21,7,8,10,20,21,1,5
21097,2021-08-23,11,26,30,31,33,3,10
21098,2021-08-25,2,7,21,27,33,7,9
21099,2021-08-28,15,19,27,28,30,3,4
21100,2021-08-30,7,11,23,26,28,2,7
21101,2021-09-01,13,18,19,27,32,6,11
21102,2021-09-04,2,8,11,16,23,2,7
21103,2021-09-06,4,10,23,30,31,5,11
21104,2021-09-08,23,25,26,30,33,3,11
21105,2021-09-11,7,10,11,17,18,4,9
21106,2021-09-13,2,13,14,32,34,2,12
21107,2021-09-15,3,5,13,20,25,7,11
21108,2021-09-18,5,19,22,26,35,2,6
21109,2021-09-20,3,4,7,27,31,6,9
21110,2021-09-22,11,14,29,31,32,11,12
21111,2021-09-25,7,8,15,19,28,8,9
21112,2021-09-27,18,21,22,23,35,11,12
21113,2021-09-29,17,18,25,27,28,4,8
21114,2021-10-06,8,9,13,29,30,1,11
21115,2021-10-09,8,13,19,20,29,6,10
21116,2021-10-11,4,25,28,29,35,3,11
21117,2021-10-13,11,18,21,22,33,5,6
21118,2021-10-16,14,17,18,28,34,2,3
21119,2021-10-18,1,2,9,16,30,9,10
21120,2021-10-20,5,10,21,25,31,5,11
21121,2021-10-23,2,15,19,29,30,2,9
21122,2021-10-25,14,15,26,27,29,4,5
21123,2021-10-27,8,23,26,27,33,8,9
21124,2021-10-30,10,17,22,25,35,7,9
21125,2021-11-01,17,19,21,27,31,4,9
21126,2021-11-03,1,11,12,34,35,9,12
21127,2021-11-06,1,2,15,17,26,2,11
21128,2021-11-08,14,17,18,23,27,5,8
21129,2021-11-10,2,16,17,18,34,4,10
21130,2021-11-13,2,3,14,27,28,5,10
21131,2021-11-15,6,8,16,34,35,5,6
21132,2021-11-17,4,21,28,29,33,3,11
21133,2021-11-20,8,9,17,26,28,6,8
21134,2021-11-22,2,6,14,19,28,1,6
21135,2021-11-24,4,7,17,29,31,5,6
21136,2021-11-27,8,12,19,27,33,2,5
21137,2021-11-29,2,7,13,14,19,4,5
21138,2021-12-01,9,11,12,15,31,5,11
21139,2021-12-04,5,13,18,23,34,8,9
21140,2021-12-06,5,24,26,33,35,9,12
21141,2021-12-08,2,8,16,29,34,5,12
21142,2021-12-11,11,13,17,19,25,2,9
21143,2021-12-13,9,17,19,29,34,4,11
21144,2021-12-15,3,20,25,30,34,2,9
21145,2021-12-18,3,8,25,29,30,1,6
21146,2021-12-20,3,5,8,18,20,9,11
21147,2021-12-22,1,2,8,12,26,1,7
21148,2021-12-25,1,4,12,16,29,4,8
21149,2021-12-27,20,26,28,30,35,10,11
21150,2021-12-29,4,10,11,23,26,7,10
22001,2022-01-01,8,11,19,22,29,3,11
22002,2022-01-03,4,6,7,9,24,4,12
22003,2022-01-05,2,18,24,25,34,8,12
22004,2022-01-08,7,20,27,30,33,3,4
22005,2022-01-10,2,13,17,19,34,5,9
22006,2022-01-12,1,5,7,17,20,5,12
22007,2022-01-15,5,22,23,25,35,3,11
22008,2022-01-17,1,2,13,18,34,6,7
22009,2022-01-19,13,14,18,31,33,7,10
22010,2022-01-22,4,19,25,31,35,2,11
22011,2022-01-24,3,5,17,24,32,5,12
22012,2022-01-26,3,5,10,33,34,7,10
22013,2022-02-09,4,9,16,25,32,5,6
22014,2022-02-12,1,4,10,18,32,1,9
22015,2022-02-14,1,2,8,12,30,5,12
22016,2022-02-16,1,7,17,26,32,1,9
22017,2022-02-19,10,14,18,23,25,7,11
22018,2022-02-21,16,21,29,31,34,6,9
22019,2022-02-23,1,4,7,17,21,1,2
22020,2022-02-26,16,17,30,31,35,8,9
22021,2022-02-28,11,15,16,18,35,6,9
22022,2022-03-02,1,5,14,17,28,6,7
22023,2022-03-05,4,5,18,20,25,11,12
22024,2022-03-07,1,2,11,30,35,1,12
22025,2022-03-09,4,7,22,24,29,1,7
22026,2022-03-12,11,14,22,23,27,8,10
22027,2022-03-14,3,6,11,31,32,5,12
22028,2022-03-16,4,9,16,17,35,1,7
22029,2022-03-19,7,8,10,14,17,10,12
22030,2022-03-21,12,14,15,21,30,1,9
22031,2022-03-23,7,14,16,20,28,4,8
22032,2022-03-26,5,9,18,31,32,1,5
22033,2022-03-28,8,15,16,19,33,3,4
22034,2022-03-30,2,10,24,27,28,6,7
22035,2022-04-02,9,11,13,23,31,5,8
22036,2022-04-04,18,19,21,26,34,6,7
22037,2022-04-06,1,9,17,20,28,6,10
22038,2022-04-09,7,9,11,12,26,9,12
22039,2022-04-11,1,8,11,22,31,5,11
22040,2022-04-13,10,19,25,29,33,8,12
22041,2022-04-16,5,15,25,26,33,6,11
22042,2022-04-18,8,10,11,29,32,2,6
22043,2022-04-20,2,16,17,24,30,9,12
22044,2022-04-23,1,2,16,17,20,3,7
22045,2022-04-25,2,3,7,12,20,1,5
22046,2022-04-27,6,7,12,22,27,3,5
22047,2022-04-30,7,10,11,12,33,3,11
22048,2022-05-02,16,22,28,29,32,8,9
22049,2022-05-04,6,10,20,28,35,1,10
22050,2022-05-07,2,10,21,24,30,8,10
22051,2022-05-09,1,16,17,19,33,5,6
22052,2022-05-11,1,13,18,29,35,4,9
22053,2022-05-14,9,17,19,20,25,1,9
22054,2022-05-16,5,16,21,23,34,7,10
22055,2022-05-18,1,2,12,15,23,4,6
22056,2022-05-21,2,11,15,17,31,7,9
22057,2022-05-23,6,12,18,21,35,7,10
22058,2022-05-25,3,4,24,26,35,7,8
22059,2022-05-28,4,15,18,32,34,4,9
22060,2022-05-30,2,6,10,11,20,3,9
22061,2022-06-01,6,9,19,22,30,1,6
22062,2022-06-04,5,9,11,12,31,7,11
22063,2022-06-06,2,3,22,26,31,6,10
22064,2022-06-08,2,19,22,25,35,5,7
22065,2022-06-11,5,10,13,22,28,1,4
22066,2022-06-13,2,24,25,26,34,3,12
22067,2022-06-15,4,14,15,32,33,10,11
22068,2022-06-18,3,6,10,15,23,3,8
22069,2022-06-20,2,3,23,28,35,2,9
22070,2022-06-22,1,7,17,23,35,7,11
22071,2022-06-25,9,15,19,25,29,8,9
22072,2022-06-27,1,12,13,15,30,3,7
22073,2022-06-29,11,18,21,25,32,2,4
22074,2022-07-02,2,6,21,25,28,2,6
22075,2022-07-04,4,12,13,17,18,7,9
22076,2022-07-06,5,17,30,34,35,2,9
22077,2022-07-09,5,10,11,16,19,1,10
22078,2022-07-11,2,3,18,20,27,1,2
22079,2022-07-13,7,10,19,26,32,8,12
22080,2022-07-16,10,17,30,31,34,3,6
22081,2022-07-18,5,10,19,31,32,9,10
22082,2022-07-20,4,26,27,30,33,2,9
22083,2022-07-23,2,9,17,26,32,4,6
22084,2022-07-25,3,11,19,25,27,4,12
22085,2022-07-27,11,16,31,33,35,6,8
22086,2022-07-30,4,10,21,28,31,8,11
22087,2022-08-01,4,6,10,24,28,6,12
22088,2022-08-03,1,8,10,20,35,6,11
22089,2022-08-06,1,20,21,31,33,3,11
22090,2022-08-08,1,20,24,25,31,9,12
22091,2022-08-10,2,11,20,22,34,4,12
22092,2022-08-13,1,4,12,23,29,5,12
22093,2022-08-15,7,11,14,21,29,7,10
22094,2022-08-17,3,4,7,12,19,2,5
22095,2022-08-20,5,8,22,25,35,2,7
22096,2022-08-22,16,19,24,27,33,1,6
22097,2022-08-24,5,13,22,28,29,5,11
22098,2022-08-27,1,3,6,11,13,3,11
22099,2022-08-29,7,18,25,27,33,4,5
22100,2022-08-31,10,19,20,23,31,3,7
22101,2022-09-03,2,4,6,7,8,3,6
22102,2022-09-05,1,5,14,20,30,2,4
22103,2022-09-07,8,12,16,21,32,1,12
22104,2022-09-10,3,5,13,19,25,2,5
22105,2022-09-12,1,8,9,21,22,1,4
22106,2022-09-14,16,17,21,28,32,4,7
22107,2022-09-17,7,9,19,28,29,8,10
22108,2022-09-19,4,7,13,26,28,7,11
22109,2022-09-21,5,9,24,29,35,5,12
22110,2022-09-24,2,13,16,18,23,3,6
22111,2022-09-26,6,12,16,19,31,6,10
22112,2022-09-28,4,11,18,20,26,6,12
22113,2022-10-05,13,15,22,31,33,5,12
22114,2022-10-08,11,21,24,27,28,5,10
22115,2022-10-10,17,19,20,23,27,3,8
22116,2022-10-12,1,7,20,22,31,7,12
22117,2022-10-15,9,12,15,21,32,2,7
22118,2022-10-17,2,5,15,17,26,2,8
22119,2022-10-19,1,9,16,25,29,4,9
22120,2022-10-22,11,22,26,30,33,3,5
22121,2022-10-24,4,15,16,20,21,4,5
22122,2022-10-26,4,15,17,19,25,6,12
22123,2022-10-29,2,20,28,29,30,7,10
22124,2022-10-31,2,4,11,25,30,6,12
22125,2022-11-02,3,7,14,16,19,1,11
22126,2022-11-05,4,5,8,22,35,1,3
22127,2022-11-07,2,3,8,9,20,4,10
22128,2022-11-09,10,19,21,23,35,4,10
22129,2022-11-12,10,17,23,34,35,1,4
22130,2022-11-14,5,7,15,18,23,5,10
22131,2022-11-16,2,6,8,10,17,5,6
22132,2022-11-19,2,27,30,34,35,9,12
22133,2022-11-21,1,2,14,30,31,6,9
22134,2022-11-23,3,16,23,27,32,3,6
22135,2022-11-26,9,10,27,31,32,1,3
22136,2022-11-28,1,11,15,17,33,3,11
22137,2022-11-30,5,6,8,15,20,7,8
22138,2022-12-03,5,13,16,27,33,7,12
22139,2022-12-05,1,13,14,22,35,2,5
22140,2022-12-07,5,15,25,26,29,4,12
22141,2022-12-10,5,6,14,24,25,2,4
22142,2022-12-12,7,12,14,29,35,1,11
22143,2022-12-14,10,13,14,27,33,7,8
22144,2022-12-17,3,4,8,15,21,4,7
22145,2022-12-19,10,20,29,30,35,6,9
22146,2022-12-21,1,21,23,28,35,7,9
22147,2022-12-24,4,12,22,28,30,9,11
22148,2022-12-26,4,5,6,26,27,7,12
22149,2022-12-28,15,19,22,26,28,2,7
22150,2022-12-31,6,7,26,29,30,3,12
23001,2023-01-02,18,19,24,27,34,11,12
23002,2023-01-04,11,14,21,26,27,2,7
23003,2023-01-07,5,6,14,21,22,2,9
23004,2023-01-09,4,13,15,20,22,4,8
23005,2023-01-11,1,3,10,20,29,6,11
23006,2023-01-14,2,4,12,27,35,6,7
23007,2023-01-16,2,3,24,30,32,1,6
23008,2023-01-18,4,9,17,22,25,1,5
23009,2023-01-30,1,5,11,15,33,1,10
23010,2023-02-01,5,6,13,23,26,1,6
23011,2023-02-04,2,7,8,17,25,1,3
23012,2023-02-06,7,16,17,18,28,2,3
23013,2023-02-08,1,2,9,23,25,2,6
23014,2023-02-11,3,8,18,22,24,1,9
23015,2023-02-13,8,16,24,25,34,8,12
23016,2023-02-15,2,4,12,31,32,7,11
23017,2023-02-18,2,5,9,22,27,10,11
23018,2023-02-20,4,8,17,26,30,3,11
23019,2023-02-22,5,8,9,11,15,6,8
23020,2023-02-25,5,6,23,25,28,6,9
23021,2023-02-27,2,9,18,23,27,3,5
23022,2023-03-01,7,11,15,26,28,8,10
23023,2023-03-04,9,21,23,25,33,3,10
23024,2023-03-06,11,15,24,27,30,1,10
23025,2023-03-08,3,9,27,30,31,11,12
23026,2023-03-11,2,13,24,27,30,1,6
23027,2023-03-13,9,10,12,15,23,3,6
23028,2023-03-15,1,3,29,30,34,4,12
23029,2023-03-18,7,25,27,34,35,9,11
23030,2023-03-20,6,11,12,20,35,5,12
23031,2023-03-22,5,7,8,16,25,3,11
23032,2023-03-25,5,6,18,28,30,2,7
23033,2023-03-27,4,6,10,11,25,7,9
23034,2023-03-29,7,9,10,15,24,4,12
23035,2023-04-01,7,14,23,25,29,2,11
23036,2023-04-03,1,13,22,26,31,2,10
23037,2023-04-05,6,8,16,20,24,7,8
23038,2023-04-08,4,10,18,27,32,10,12
23039,2023-04-10,2,24,26,30,34,6,7
23040,2023-04-12,4,5,18,22,30,5,12
23041,2023-04-15,5,8,13,26,35,5,9
23042,2023-04-17,2,16,21,23,27,1,8
23043,2023-04-19,2,4,17,20,27,1,8
23044,2023-04-22,2,6,7,8,15,7,10
23045,2023-04-24,7,10,13,28,31,4,5
23046,2023-04-26,13,21,25,28,32,2,10
23047,2023-04-29,10,12,13,24,25,11,12
23048,2023-05-01,7,13,16,25,32,9,11
23049,2023-05-03,3,17,22,26,28,7,12
23050,2023-05-06,8,9,14,25,29,4,6
23051,2023-05-08,3,11,19,29,33,3,12
23052,2023-05-10,2,8,11,30,33,5,8
23053,2023-05-13,1,3,11,14,20,2,11
23054,2023-05-15,19,25,30,31,34,7,9
23055,2023-05-17,6,8,12,13,15,1,6
23056,2023-05-20,13,22,24,33,34,1,2
23057,2023-05-22,1,5,6,19,24,5,11
23058,2023-05-24,19,22,29,32,35,5,8
23059,2023-05-27,9,13,23,25,28,4,7
23060,2023-05-29,2,7,19,24,30,9,12
23061,2023-05-31,7,11,21,30,32,5,7
23062,2023-06-03,6,8,22,24,30,1,8
23063,2023-06-05,4,18,29,31,34,6,9
23064,2023-06-07,2,6,9,31,32,3,7
23065,2023-06-10,8,14,16,21,25,3,12
23066,2023-06-12,6,11,13,30,32,1,3
23067,2023-06-14,2,28,30,33,35,2,10
23068,2023-06-17,21,22,24,27,31,7,8
23069,2023-06-19,8,20,21,25,32,5,7
23070,2023-06-21,10,26,29,32,33,3,11
23071,2023-06-24,2,11,12,32,34,10,12
23072,2023-06-26,5,6,9,11,14,2,4
23073,2023-06-28,15,25,28,30,35,8,10
23074,2023-07-01,3,13,22,29,34,2,9
23075,2023-07-03,7,17,20,23,32,5,11
23076,2023-07-05,8,9,11,26,34,2,7
23077,2023-07-08,5,16,18,26,35,3,6
23078,2023-07-10,2,3,6,26,27,7,8
23079,2023-07-12,6,8,26,29,34,5,8
23080,2023-07-15,1,2,9,16,30,1,11
23081,2023-07-17,5,6,23,28,35,7,10
23082,2023-07-19,2,8,9,15,20,3,9
23083,2023-07-22,13,15,21,25,32,9,10
23084,2023-07-24,3,5,8,24,32,7,8
23085,2023-07-26,11,12,26,31,35,5,7
23086,2023-07-29,3,11,15,20,35,7,11
23087,2023-07-31,3,4,16,19,24,4,5
23088,2023-08-02,8,14,16,22,24,9,12
23089,2023-08-05,3,12,20,26,35,2,12
23090,2023-08-07,8,11,12,19,35,11,12
23091,2023-08-09,6,16,18,28,29,7,11
23092,2023-08-12,3,16,21,26,32,3,12
23093,2023-08-14,11,14,17,19,21,1,5
23094,2023-08-16,12,19,22,28,32,8,12
23095,2023-08-19,8,19,28,32,34,3,7
23096,2023-08-21,6,7,14,21,31,3,10
23097,2023-08-23,6,7,18,20,22,3,9
23098,2023-08-26,2,7,15,30,34,5,9
23099,2023-08-28,9,11,13,22,23,6,7
23100,2023-08-30,4,6,13,19,35,9,11
23101,2023-09-02,6,14,16,17,28,7,10
23102,2023-09-04,2,4,7,16,33,7,11
23103,2023-09-06,8,11,19,31,32,8,11
23104,2023-09-09,6,15,16,32,33,8,10
23105,2023-09-11,7,8,19,20,25,2,11
23106,2023-09-13,16,24,26,28,31,1,6
23107,2023-09-16,1,12,15,16,18,3,10
23108,2023-09-18,5,6,17,30,32,2,8
23109,2023-09-20,1,12,21,22,31,2,9
23110,2023-09-23,4,9,11,13,17,7,8
23111,2023-09-25,3,12,15,28,35,2,12
23112,2023-09-27,1,11,17,22,27,2,9
23113,2023-09-30,6,8,30,32,33,3,10
23114,2023-10-07,2,25,27,30,35,1,10
23115,2023-10-09,7,10,23,31,34,2,10
23116,2023-10-11,1,3,9,18,29,4,9
23117,2023-10-14,5,7,15,18,20,3,4
23118,2023-10-16,6,7,13,25,33,5,8
23119,2023-10-18,4,8,10,14,21,4,10
23120,2023-10-21,2,8,16,31,34,1,10
23121,2023-10-23,5,11,15,23,33,1,9
23122,2023-10-25,1,7,9,25,29,10,12
23123,2023-10-28,2,14,16,28,30,2,7
23124,2023-10-30,6,18,23,27,32,6,10
23125,2023-11-01,7,25,26,29,32,2,8
23126,2023-11-04,7,12,17,26,34,2,6
23127,2023-11-06,4,7,8,18,19,2,6
23128,2023-11-08,1,5,7,12,13,2,6
23129,2023-11-11,9,23,25,27,33,6,12
23130,2023-11-13,13,20,27,29,30,1,7
23131,2023-11-15,3,7,21,22,24,6,7
23132,2023-11-18,3,4,12,15,23,2,6
23133,2023-11-20,10,18,25,28,33,5,11
23134,2023-11-22,10,15,22,27,33,1,12
23135,2023-11-25,5,18,22,28,29,9,12
23136,2023-11-27,13,23,27,30,34,6,9
23137,2023-11-29,4,19,21,30,31,6,12
23138,2023-12-02,7,12,20,28,31,9,10
23139,2023-12-04,15,16,25,31,34,5,9
23140,2023-12-06,1,2,9,19,30,1,2
23141,2023-12-09,4,22,25,30,31,4,5
23142,2023-12-11,4,13,15,17,32,10,12
23143,2023-12-13,9,20,23,29,33,2,10
23144,2023-12-16,5,14,18,25,35,1,10
23145,2023-12-18,6,10,12,32,33,6,7
23146,2023-12-20,14,18,19,26,31,2,7
23147,2023-12-23,6,7,19,33,34,3,8
23148,2023-12-25,11,12,20,21,27,2,12
23149,2023-12-27,1,16,17,21,29,1,6
23150,2023-12-30,5,6,17,18,33,11,12
24001,2024-01-01,3,9,17,26,35,2,7
24002,2024-01-03,1,6,8,27,32,3,4
24003,2024-01-06,7,9,12,23,29,1,2
24004,2024-01-08,2,6,18,19,27,8,9
24005,2024-01-10,3,5,7,9,12,5,8
24006,2024-01-13,8,13,16,17,33,2,10
24007,2024-01-15,4,5,28,34,35,4,11
24008,2024-01-17,4,6,11,20,30,3,5
24009,2024-01-20,15,18,19,24,26,5,9
24010,2024-01-22,2,8,10,15,27,2,8
24011,2024-01-24,1,3,27,32,34,1,7
24012,2024-01-27,21,22,25,26,34,1,9
24013,2024-01-29,5,22,25,28,30,3,12
24014,2024-01-31,4,5,16,21,31,9,11
24015,2024-02-03,8,11,14,24,31,5,6
24016,2024-02-05,15,18,25,27,29,6,11
24017,2024-02-07,3,7,25,27,35,1,4
24018,2024-02-19,4,12,19,25,27,1,9
24019,2024-02-21,19,20,26,29,30,3,4
24020,2024-02-24,2,4,8,19,26,2,6
24021,2024-02-26,1,12,16,20,28,7,9
24022,2024-02-28,7,9,11,31,32,4,8
24023,2024-03-02,8,10,12,14,22,5,9
24024,2024-03-04,3,5,12,17,26,1,12
24025,2024-03-06,1,2,8,18,27,4,8
24026,2024-03-09,1,18,21,26,33,2,12
24027,2024-03-11,8,9,16,22,23,7,9
24028,2024-03-13,13,18,20,26,28,4,8
24029,2024-03-16,4,19,24,28,34,4,5
24030,2024-03-18,8,9,11,19,30,6,12
24031,2024-03-20,9,12,15,30,34,5,6
24032,2024-03-23,5,15,26,33,35,1,9
24033,2024-03-25,4,8,10,11,15,7,9
24034,2024-03-27,23,26,27,29,33,5,8
24035,2024-03-30,5,13,17,29,33,5,12
24036,2024-04-01,2,5,11,32,34,6,10
24037,2024-04-03,17,19,20,29,35,7,11
24038,2024-04-06,15,22,24,25,29,1,5
24039,2024-04-08,3,10,11,20,22,6,10
24040,2024-04-10,5,12,16,29,30,3,6
24041,2024-04-13,6,8,14,16,28,3,5
24042,2024-04-15,1,8,15,23,35,5,12
24043,2024-04-17,3,4,8,14,27,5,7
24044,2024-04-20,3,13,15,17,22,6,10
24045,2024-04-22,9,10,14,31,32,3,8
24046,2024-04-24,6,12,17,29,30,7,11
24047,2024-04-27,11,19,21,26,35,10,11
24048,2024-04-29,12,18,21,26,28,8,9
24049,2024-05-01,4,6,9,10,22,1,8
24050,2024-05-04,3,4,14,18,26,7,9
24051,2024-05-06,5,21,22,23,29,1,2
24052,2024-05-08,2,3,13,22,34,4,8
24053,2024-05-11,1,7,19,20,35,3,9
24054,2024-05-13,5,6,9,11,22,1,3
24055,2024-05-15,7,17,22,30,34,5,7
24056,2024-05-18,16,17,18,27,35,6,12
24057,2024-05-20,9,25,30,33,34,3,9
24058,2024-05-22,6,10,13,20,32,1,2
24059,2024-05-25,17,18,20,25,31,3,12
24060,2024-05-27,3,21,25,28,30,1,12
24061,2024-05-29,1,12,19,31,33,5,8
24062,2024-06-01,5,14,15,16,33,3,5
24063,2024-06-03,7,12,16,33,34,1,3
24064,2024-06-05,5,12,21,32,33,8,9
24065,2024-06-08,5,10,18,26,27,3,6
24066,2024-06-10,13,19,20,24,25,6,7
24067,2024-06-12,3,11,14,20,22,6,9
24068,2024-06-15,15,20,31,32,33,5,10
24069,2024-06-17,7,9,16,20,24,3,7
24070,2024-06-19,4,20,21,32,34,2,9
24071,2024-06-22,6,10,15,34,35,2,10
24072,2024-06-24,4,17,21,23,32,1,6
24073,2024-06-26,7,9,12,21,23,5,9
24074,2024-06-29,2,10,11,21,27,9,11
24075,2024-07-01,8,17,26,28,32,1,10
24076,2024-07-03,1,6,22,27,35,7,12
24077,2024-07-06,1,3,25,26,29,6,12
24078,2024-07-08,5,7,10,14,15,4,7
24079,2024-07-10,3,8,17,18,23,6,11
24080,2024-07-13,3,5,24,27,28,9,11
24081,2024-07-15,14,15,25,27,34,1,10
24082,2024-07-17,8,21,23,24,26,4,5
24083,2024-07-20,9,11,12,13,30,7,9
24084,2024-07-22,4,11,16,17,23,5,10
24085,2024-07-24,2,9,16,29,35,1,6
24086,2024-07-27,11,12,14,22,28,7,11
24087,2024-07-29,7,10,20,28,34,5,10
24088,2024-07-31,1,2,23,28,32,3,5
24089,2024-08-03,5,6,29,30,34,7,8
24090,2024-08-05,2,3,6,28,33,7,11
24091,2024-08-07,1,8,11,17,21,1,2
24092,2024-08-10,2,4,25,26,31,1,6
24093,2024-08-12,16,24,26,28,29,8,12
24094,2024-08-14,12,13,24,29,31,2,8
24095,2024-08-17,1,7,19,26,27,3,5
24096,2024-08-19,2,3,23,27,31,1,10
24097,2024-08-21,7,11,12,14,19,2,8
24098,2024-08-24,3,10,15,19,29,9,10
24099,2024-08-26,4,10,24,31,35,5,8
24100,2024-08-28,2,12,19,22,32,5,11
24101,2024-08-31,16,19,22,27,35,6,10
24102,2024-09-02,1,5,9,14,20,5,11
24103,2024-09-04,19,21,29,32,33,6,8
24104,2024-09-07,1,4,9,13,17,6,9
24105,2024-09-09,14,20,21,28,32,9,11
24106,2024-09-11,5,11,19,22,29,2,12
24107,2024-09-14,6,14,16,18,34,3,10
24108,2024-09-16,16,17,21,31,34,3,8
24109,2024-09-18,12,23,26,27,28,3,11
24110,2024-09-21,1,7,8,18,28,4,12
24111,2024-09-23,3,9,19,27,30,7,11
24112,2024-09-25,5,15,24,31,34,3,10
24113,2024-09-28,16,18,25,26,33,4,8
24114,2024-09-30,12,27,30,34,35,5,11
24115,2024-10-05,3,4,12,19,24,8,12
24116,2024-10-07,1,3,6,16,25,1,11
24117,2024-10-09,2,10,22,26,28,2,4
24118,2024-10-12,1,3,9,16,19,5,11
24119,2024-10-14,6,12,28,30,33,2,7
24120,2024-10-16,4,12,17,23,27,2,8
24121,2024-10-19,7,15,18,24,33,4,5
24122,2024-10-21,5,6,9,15,17,3,10
24123,2024-10-23,3,9,16,30,31,8,9
24124,2024-10-26,2,3,7,10,25,1,11
24125,2024-10-28,10,14,19,24,26,1,10
24126,2024-10-30,2,10,17,28,34,7,8
24127,2024-11-02,2,3,10,16,28,7,10
24128,2024-11-04,3,7,10,29,31,1,3
24129,2024-11-06,7,19,30,31,34,5,7
24130,2024-11-09,11,21,25,31,32,4,10
24131,2024-11-11,2,3,4,21,26,2,3
24132,2024-11-13,5,6,10,16,31,6,9
24133,2024-11-16,8,10,14,22,29,4,6
24134,2024-11-18,1,4,7,13,33,5,6
24135,2024-11-20,6,8,22,24,30,3,8
24136,2024-11-23,1,17,20,29,34,7,8
24137,2024-11-25,8,15,16,17,21,2,5
24138,2024-11-27,5,17,20,28,34,4,9
24139,2024-11-30,5,12,20,23,24,5,7
24140,2024-12-02,3,6,15,23,31,1,12
24141,2024-12-04,2,6,7,16,20,2,11
24142,2024-12-07,8,21,24,33,34,3,10
24143,2024-12-09,16,20,22,24,31,4,5
24144,2024-12-11,6,7,8,21,30,1,5
24145,2024-12-14,1,6,9,22,24,1,3
24146,2024-12-16,5,20,21,22,32,3,4
24147,2024-12-18,12,18,21,22,31,1,7
24148,2024-12-21,6,9,20,32,35,8,11
24149,2024-12-23,2,5,16,18,22,7,9
24150,2024-12-25,4,11,23,25,34,5,7
25001,2025-01-01,5,8,16,17,27,4,7
25002,2025-01-04,19,21,22,28,32,6,9
25003,2025-01-06,10,25,30,32,34,4,10
25004,2025-01-08,2,5,9,13,33,1,7
25005,2025-01-11,5,6,8,31,32,9,11
25006,2025-01-13,3,4,13,19,35,3,10
25007,2025-01-15,15,22,23,25,31,1,9
25008,2025-01-18,1,5,7,13,35,5,12
25009,2025-01-20,3,19,21,30,32,6,9
25010,2025-01-22,5,21,28,30,32,7,12
25011,2025-01-25,3,6,7,11,27,2,8
25012,2025-02-08,2,18,19,21,25,2,11
25013,2025-02-10,14,16,18,20,35,2,5
25014,2025-02-12,5,19,22,29,35,2,10
25015,2025-02-15,7,10,24,31,35,1,8
25016,2025-02-17,5,7,12,20,29,8,12
25017,2025-02-19,10,12,26,28,31,3,10
25018,2025-02-22,1,7,9,20,28,1,4
25019,2025-02-24,7,8,11,18,23,3,11
25020,2025-02-26,1,9,12,22,29,5,9
25021,2025-03-01,10,18,25,30,35,3,12
25022,2025-03-03,1,11,13,27,29,4,10
25023,2025-03-05,10,20,22,24,25,9,12
25024,2025-03-08,6,12,13,16,23,5,8
25025,2025-03-10,3,6,8,10,25,3,7
25026,2025-03-12,2,3,7,17,30,1,9
25027,2025-03-15,3,6,11,13,20,1,11
25028,2025-03-17,6,8,20,25,29,3,7
25029,2025-03-19,5,9,26,31,33,3,10
25030,2025-03-22,3,9,14,24,28,6,7
25031,2025-03-24,14,18,20,25,35,1,7
25032,2025-03-26,12,22,25,27,28,1,2
25033,2025-03-29,1,2,8,10,33,10,12
25034,2025-03-31,4,15,22,28,33,6,8
25035,2025-04-02,22,25,28,29,30,4,8
25036,2025-04-05,4,7,13,27,30,2,6
25037,2025-04-07,5,20,23,27,31,4,6
25038,2025-04-09,7,8,20,26,34,8,9
25039,2025-04-12,3,7,14,15,19,6,10
25040,2025-04-14,2,8,16,31,32,4,12
25041,2025-04-16,3,4,21,22,27,5,11
25042,2025-04-19,6,8,11,18,20,5,11
25043,2025-04-21,3,16,20,21,27,9,11
25044,2025-04-23,15,17,21,22,26,2,8
25045,2025-04-26,8,11,21,23,27,3,8
25046,2025-04-28,4,10,15,20,34,4,7
25047,2025-04-30,3,10,11,12,21,2,3
25048,2025-05-03,2,6,17,23,35,6,11
25049,2025-05-05,9,20,22,29,34,3,8
25050,2025-05-07,15,18,20,21,34,4,10
25051,2025-05-10,2,4,13,29,31,5,12
25052,2025-05-12,2,4,11,29,30,2,8
25053,2025-05-14,14,23,29,30,33,6,12
25054,2025-05-17,3,12,16,21,29,1,2
25055,2025-05-19,8,10,25,29,30,1,2
25056,2025-05-21,12,15,28,29,32,8,11
25057,2025-05-24,9,10,11,12,29,1,10
25058,2025-05-26,6,11,15,21,23,1,7
25059,2025-05-28,3,9,10,11,26,1,2
25060,2025-05-31,12,14,19,33,34,1,7
25061,2025-06-02,2,11,16,23,28,5,10
25062,2025-06-04,14,20,27,28,29,6,10
25063,2025-06-07,5,18,26,29,32,7,10
25064,2025-06-09,5,10,18,20,34,1,8
25065,2025-06-11,7,25,32,33,35,4,9
25066,2025-06-14,15,18,27,28,34,3,6
25067,2025-06-16,6,10,12,21,22,1,6
25068,2025-06-18,1,4,17,20,22,4,10
25069,2025-06-21,4,6,7,33,34,9,10
25070,2025-06-23,8,9,15,20,22,4,12
25071,2025-06-25,1,8,25,31,33,5,11
25072,2025-06-28,4,7,15,24,29,1,4
25073,2025-06-30,1,4,17,33,34,3,9
25074,2025-07-02,2,11,15,18,21,5,10
25075,2025-07-05,8,12,16,19,35,6,9
25076,2025-07-07,11,18,22,25,29,4,12
25077,2025-07-09,12,14,16,19,28,1,4
25078,2025-07-12,7,10,15,21,24,5,6
25079,2025-07-14,2,14,32,34,35,5,11
25080,2025-07-16,9,10,18,22,24,3,12
25081,2025-07-19,1,4,6,15,18,2,3
25082,2025-07-21,2,3,4,12,26,1,8
25083,2025-07-23,12,17,18,20,34,2,5
25084,2025-07-26,9,11,13,18,29,4,11
25085,2025-07-28,2,5,9,14,33,4,9
25086,2025-07-30,2,6,23,24,33,1,10
25087,2025-08-02,5,13,14,16,20,3,8
25088,2025-08-04,8,9,10,11,35,5,11
25089,2025-08-06,2,11,12,32,34,3,10
25090,2025-08-09,6,14,19,22,27,1,4
25091,2025-08-11,1,19,22,25,27,3,10
25092,2025-08-13,4,10,17,25,32,5,7
25093,2025-08-16,1,7,9,16,30,2,5
25094,2025-08-18,4,9,17,30,33,5,9
25095,2025-08-20,7,13,14,19,27,6,10
25096,2025-08-23,2,11,17,22,24,7,9
25097,2025-08-25,5,24,25,32,34,1,9
25098,2025-08-27,1,7,9,10,23,10,12
25099,2025-08-30,6,12,20,26,31,2,4
25100,2025-09-01,26,28,32,34,35,2,7
25101,2025-09-03,5,7,19,26,32,8,9
25102,2025-09-06,9,10,13,26,28,2,4
25103,2025-09-08,5,8,19,32,34,4,5
25104,2025-09-10,2,6,9,22,34,2,8
25105,2025-09-13,15,16,25,28,34,10,12
25106,2025-09-15,5,6,11,26,29,5,10
25107,2025-09-17,5,7,8,15,33,6,10
25108,2025-09-20,14,18,21,24,29,3,6
25109,2025-09-22,4,8,10,13,26,9,10
25110,2025-09-24,1,15,22,30,31,2,8
25111,2025-09-27,2,9,14,21,26,2,12
25112,2025-09-29,3,4,21,23,24,9,12
25113,2025-10-06,1,14,18,28,35,2,3
25114,2025-10-08,3,8,9,12,16,1,5
25115,2025-10-11,3,12,14,21,35,1,5
25116,2025-10-13,2,6,16,22,29,8,12
25117,2025-10-15,5,10,18,21,29,5,7
25118,2025-10-18,2,8,9,12,21,4,5
25119,2025-10-20,8,15,27,29,31,1,7
25120,2025-10-22,11,13,22,26,35,2,8
25121,2025-10-25,2,3,8,13,21,7,12
25122,2025-10-27,2,3,6,16,17,4,5
25123,2025-10-29,8,13,24,25,31,4,10
25124,2025-11-01,6,9,14,26,27,8,9
25125,2025-11-03,10,11,13,19,35,4,11
25126,2025-11-05,1,8,18,27,30,6,7
25127,2025-11-08,4,5,19,28,29,5,8
25128,2025-11-10,3,6,26,30,33,11,12
25129,2025-11-12,3,9,14,28,35,2,4
25130,2025-11-15,1,13,16,27,29,2,11
25131,2025-11-17,3,8,25,29,32,9,12
25132,2025-11-19,1,9,10,12,19,6,7
25133,2025-11-22,4,11,23,27,35,7,11
25134,2025-11-24,7,12,18,27,33,9,10
25135,2025-11-26,2,10,16,28,32,1,7
25136,2025-11-29,7,11,15,16,23,9,11
25137,2025-12-01,7,8,9,11,22,5,11
25138,2025-12-03,1,3,19,21,23,7,11
25139,2025-12-06,8,18,22,30,35,1,4
25140,2025-12-08,4,5,13,18,34,2,8
25141,2025-12-10,4,9,24,28,29,2,10
25142,2025-12-13,9,10,14,27,29,2,9
25143,2025-12-15,3,4,18,24,29,7,12
25144,2025-12-17,2,5,13,15,28,5,8
25145,2025-12-20,5,7,20,22,25,4,5
25146,2025-12-22,6,11,13,16,22,2,3
25147,2025-12-24,6,16,21,25,33,7,8
25148,2025-12-27,3,4,14,30,32,8,12
25149,2025-12-29,24,26,30,31,32,5,12
25150,2025-12-31,13,14,15,28,31,1,5
26001,2026-01-03,7,9,23,27,32,2,8
26002,2026-01-05,4,8,15,20,31,7,8
26003,2026-01-07,2,9,11,15,16,2,4
26004,2026-01-10,5,18,23,25,32,5,9
26005,2026-01-12,2,4,16,23,35,6,11
26006,2026-01-14,5,12,18,23,35,6,12
26007,2026-01-17,1,3,13,20,26,3,10
26008,2026-01-19,3,6,17,21,33,5,11
26009,2026-01-21,5,12,13,14,33,5,8
26010,2026-01-24,2,3,13,18,26,2,9
26011,2026-01-26,14,21,23,29,33,2,10
26012,2026-01-28,1,2,9,22,25,1,6
26013,2026-01-31,3,5,6,23,26,1,4
26014,2026-02-02,16,18,23,34,35,1,6
26015,2026-02-04,1,4,10,13,17,3,11
26016,2026-02-07,8,9,12,19,24,1,6
26017,2026-02-09,4,5,10,23,31,7,12
26018,2026-02-11,9,11,19,30,35,1,12
26019,2026-02-25,12,13,14,16,31,4,12
26020,2026-02-28,1,10,21,23,29,10,12
26021,2026-03-02,5,8,12,14,17,4,5
26022,2026-03-04,5,9,10,18,26,5,6
26023,2026-03-07,9,25,26,27,28,1,8
26024,2026-03-09,2,4,8,10,21,9,12
26025,2026-03-11,3,15,24,28,29,3,7
26026,2026-03-14,10,11,22,26,32,1,8
26027,2026-03-16,9,10,11,12,16,1,11
26028,2026-03-18,15,27,29,30,34,1,10
26029,2026-03-21,3,5,17,33,35,5,7
26030,2026-03-23,2,13,22,28,34,5,12
26031,2026-03-25,6,8,22,29,34,5,7
26032,2026-03-28,3,4,19,26,32,1,12
26033,2026-03-30,3,5,7,9,18,2,10
26034,2026-04-01,11,12,25,26,27,8,11
26035,2026-04-04,2,22,30,33,34,8,12
26036,2026-04-06,4,7,16,26,32,5,8
26037,2026-04-08,7,12,13,28,32,6,8
26038,2026-04-11,8,17,21,33,35,6,7
26039,2026-04-13,9,11,20,26,27,6,9
26040,2026-04-15,6,12,13,21,34,8,9
26041,2026-04-18,24,25,27,29,34,2,6
26042,2026-04-20,2,7,13,19,24,3,8
26043,2026-04-22,8,12,14,19,22,11,12
26044,2026-04-25,3,8,22,26,29,7,10
26045,2026-04-27,1,15,21,26,33,4,7
26046,2026-04-29,1,13,18,27,33,4,7
26047,2026-05-02,9,20,21,23,28,6,11
26048,2026-05-04,11,17,20,23,35,1,10
26049,2026-05-06,1,6,14,15,17,2,3
26050,2026-05-09,6,10,14,23,33,8,10
26051,2026-05-11,13,18,28,32,33,2,11
26052,2026-05-13,2,3,20,28,33,2,12
26053,2026-05-16,2,9,14,20,31,5,9
26054,2026-05-18,2,6,14,22,24,8,11
26055,2026-05-20,9,10,20,33,35,4,11
26056,2026-05-23,6,7,18,21,30,1,5
26057,2026-05-25,23,25,26,27,34,4,10
26058,2026-05-27,7,12,13,18,34,1,5
26059,2026-05-30,6,13,17,19,26,7,8
26060,2026-06-01,22,28,30,31,34,1,5
26061,2026-06-03,10,12,26,31,35,2,12
26062,2026-06-06,7,15,20,24,29,4,10
26063,2026-06-08,3,15,20,29,31,1,12
26064,2026-06-10,3,13,15,17,21,2,7
26065,2026-06-13,4,11,12,13,25,4,8
26066,2026-06-15,10,13,19,21,30,4,5
26067,2026-06-17,6,16,18,19,28,7,11
26068,2026-06-20,3,11,12,21,22,6,10
26069,2026-06-22,12,19,21,24,29,3,10
26070,2026-06-24,4,5,15,21,32,2,11
26071,2026-06-27,5,13,22,26,32,2,3
26072,2026-06-29,1,13,26,29,30,9,11
26073,2026-07-01,4,10,22,23,33,2,12
26074,2026-07-04,1,4,10,23,25,1,12
26075,2026-07-06,1,6,16,18,26,4,10
26076,2026-07-08,15,20,27,28,35,2,11
26077,2026-07-11,4,14,19,24,27,6,7
26078,2026-07-13,2,13,20,25,32,8,11
26079,2026-07-15,6,8,23,26,27,5,12
26080,2026-07-18,5,10,15,21,23,7,8
26081,2026-07-20,8,16,18,24,34,9,12
26082,2026-07-22,16,26,27,28,34,2,6
26083,2026-07-25,14,15,16,23,26,7,9
26084,2026-07-27,13,25,30,32,33,4,5
26085,2026-07-29,3,4,14,28,31,5,7
26086,2026-08-01,10,11,18,22,35,6,12
26087,2026-08-03,5,10,16,24,27,4,10
26088,2026-08-05,3,9,11,24,27,5,11
26089,2026-08-08,3,7,12,14,26,5,11
26090,2026-08-10,9,14,17,19,24,2,9
26091,2026-08-12,3,4,7,12,32,1,2
26092,2026-08-15,12,16,19,29,33,7,9
26093,2026-08-17,8,10,22,26,29,3,10
26094,2026-08-19,5,14,15,17,33,1,7
26095,2026-08-22,4,6,8,10,14,4,5
26096,2026-08-24,8,9,10,11,25,4,12
